eng,zh-tw,zh-cn,Filename,Old.zhtw,Old.zhcn,Duplicated
"A New Era, A New Ruler.",新時代，新主公。,新时代，新主公。,hv_TEXT_events_rules.loc,,,
"A cowardly conspiracy! There was a failed attempt to assassinate you during the banquet. Unfortunately, the assaliant was slain by the guards before he could be made to reveal the conspirator's identity.",陰謀！有人於宴會中欲加害於你。事雖未成，但刺客已被护卫弑杀，無法得知是誰在背後主謀。,阴谋！有人于宴会中欲加害于你。事虽未成，但刺客已被护卫弑杀，无法得知是谁在背后主谋。 ,text/_ifo/ifo_text_TWEAK.loc,,,
"A shabby warband requests to join your faction. After Lu Bu's defeat, his daughter Lu Ji seems to have been leading the survivors. However, granting them sanctuary may cause their enemies to come after us.",一隻殘軍請求加入您的勢力。呂布戰敗後，其女呂姬收攏潰卒。然而，接納他們可能會惹惱呂布之敵。,一只残军请求加入您的派系。吕布战败后，其女吕姬收拢溃卒。然而，接纳他们可能会惹恼吕布之敌。,hv_TEXT_events.loc,,,
"A shabby warband requests to join your faction. After Yuan Shu's defeat, his generals Zhang Xun, Ji Ling and Yan Xiang to have been leading the survivors. However, granting them sanctuary may cause their enemies to come after us.",一隻殘軍請求加入您的勢力。袁術戰敗後，其部將張勳，紀靈及閻象收攏潰卒。然而，接納他們可能會惹惱袁術之敵。,一只残军请求加入您的派系。袁术战败后，其部将张勋，纪灵及阎象收拢溃卒。然而，接纳他们可能会惹恼袁术之敌。,hv_TEXT_events.loc,,,
"Amongst the hills of Jingchu, the unwary may find themselves tripped upon a caltrop, and slain by the man who laid it.",在荊楚的山中，粗心的人可能會被一把蒺藜絆倒，然後被放它的人殺死。,在荆楚的山中，粗心的人可能会被一把蒺藜绊倒，然后被放它的人杀死。 ,hv_TEXT_unit_desc.loc,,,
"An illustrious lineage provides many swords, along with men willing to wield them.",顯赫的血統可以使許多劍士願意效命。,显赫的血统可以使许多剑士愿意效命。 ,hv_TEXT_unit_desc.loc,,,
"Anti-Cavalry, Average Armour-Piercing Damage",反騎兵，穿甲傷害一般,反骑兵，穿甲伤害一般,hv_TEXT_unit_ui_group_VM.loc,,,
"Anti-Cavalry, High Armour-Piercing Damage",反騎兵，穿甲傷害高,反骑兵，穿甲伤害高,hv_TEXT_unit_ui_group_t1.loc,,,
"Anti-Cavalry, High Armour-Piercing Damage, Break Enemy's Shield",反騎兵，穿甲傷害高，破盾,反骑兵，穿甲伤害高，破盾,hv_TEXT_unit_ui_group_t1.loc,,,
"Anti-Cavalry, Low Armour-Piercing Damage",反騎兵，穿甲傷害低,反骑兵，穿甲伤害低,hv_TEXT_unit_ui_group_VM.loc,,,
"Armed with bow and sword, these disciplined riders enforce the will of their warlord.",佩戴劍弓，這些紀律嚴明的騎手執行他們主公的意志。,佩戴剑弓，这些纪律严明的骑手执行他们主公的意志。,hv_TEXT_unit_desc.loc,,,
"Armed with bow and sword, these hardy soldiers enforce the will of their warlord.",佩戴劍弓，這些硬朗的士兵執行他們主公的意志。,佩戴剑弓，这些硬朗的士兵执行他们主公的意志。,hv_TEXT_unit_desc.loc,,,
"As the Black Mountain bandits increase in number, the more brazen they become.",黑山匪徒之數與日俱增，其行為亦更加肆無忌憚。,黑山匪徒之数与日俱增，其行为亦更加肆无忌惮。,hv_TEXT_frontend_features.loc,,,
"As the enemy spots the blue turbans on the field, they know the hardest fighting is about to begin.",當敵人在戰場上看到藍色頭巾時，他們就知道最艱苦的戰鬥即將開始。,当敌人在战场上看到蓝色头巾时，他们就知道最艰苦的战斗即将开始。,hv_TEXT_unit_desc.loc,,,
"Average Hit Rate, Average Armour-Piercing Damage",命中率一般，穿甲傷害一般,命中率一般，穿甲伤害一般,hv_TEXT_unit_ui_group_VM.loc,,,
"Average Hit Rate, High Armour-Piercing Damage",命中率一般，穿甲傷害高,命中率一般，穿甲伤害高,hv_TEXT_unit_ui_group_VM.loc,,,
"Average Hit Rate, Multi-Role",命中率一般，多重角色,命中率一般，多重角色,hv_TEXT_unit_ui_group_t1.loc,,,
"Average Range, Low Armour-Piercing Damage, Fast Reload",一般距離，穿甲傷害低，射擊速率快,一般距离，穿甲伤害低，射击速率快,hv_TEXT_unit_ui_group_t1_VM.loc,,,
"Born to hold the line, This warrior shrugs off attacks as if they were nothing!",此人是天生的護衛將才，所有攻擊對他來說都不痛不癢！,此人是天生的护卫将才，所有攻击对他来说都不痛不痒！,hv_TEXT_skills_skill_ability_name_desc.loc,,,
"Brandishing their Ji expertly, these men will uphold the fearsome reputation of the Xiliang army.",這些人熟練地揮舞著戰戟，他們會維護西涼軍可怕的聲譽。,这些人熟练地挥舞着战戟，他们会维护西凉军可怕的声誉。,hv_TEXT_unit_desc.loc,,,
"By the time the victim is aware of what has happened, it is already too late.",等到敵人發現之時就已爲時已晚。,等到敌人发现之时就已为时已晚。,hv_TEXT_skills_skill_ability_name_desc.loc,,,
"Certain polearms, such as the Ji, can parry incoming attacks.",像戟這樣的長柄武器可以阻擋對方的攻擊。,像戟这样的长柄武器可以阻挡对方的攻击。,hv_TEXT_unit_abilities_hit_effects.loc,,,
"Each character in Sun Ce's faction grants him shared expertise points once they reach rank 5. At ranks 9, 12 and 15 they generate one extra point respectively.",孫策勢力中每位人物在達到5級后均會與他分享專長點。在9級、12級和15級時他們分別會產生一個額外的點數。,孙策派系中每位人物在达到5级后均会与他分享专长点。在9级、12级和15级时他们分别会产生一个额外的点数。,hv_TEXT_etc.loc,,,
"Echoing the glory of Chu, the great axes these men wield will make short work of their shielded foes.",這些人所揮的大斧是楚國的榮耀，即使是持盾的敵人亦命不久矣。,这些人所挥的大斧是楚国的荣耀，即使是持盾的敌人亦命不久矣。 ,hv_TEXT_unit_desc.loc,,,
"Echoing the nomads they fought for years, these horse archers will do the Xiliang army proud on any battlefield.",這些馬弓手與其他遊牧部落征戰多年，在任何戰場上都是西涼軍的驕傲。,这些马弓手与其他游牧部落征战多年，在任何战场上都是西凉军的骄傲。,hv_TEXT_unit_desc.loc,,,
"Even in the elite Xiliang army, having a big sword can only bring advantages to a commander.",就算在精銳的西涼軍裏，一把大刀對於將領來説也頗有好處。,就算在精锐的西凉军里，一把大刀对于将领来说也颇有好处。 ,hv_TEXT_unit_desc.loc,,,
"Every spring, characters gain additional experience.",每年春季，角色會獲得額外經驗。,每年春季，角色会获得额外经验。,hv_TEXT_effects_building.loc,,,
"Flank, Charge, Chase",側擊，衝擊，追擊,侧击，冲击，追击,hv_TEXT_unit_ui_group_VM.loc,,,
"Following your recent success, the captain of the Northern Army has come to pledge his devotion to you. He brings with him the might of the professional soldiers he commands.",鑒於您近期勢如破竹，北軍中候已宣誓效忠於您。他所指揮的精良軍隊也隨同前來，加入您麾下。,随着您近期的丰功伟业，督掌北军的中尉前来宣誓效忠于您，他所指挥的整支精良军队也一同前来，加入您的麾下。,hv_TEXT_events.loc,,,
"For farmers, they are higher than the emperor.",對佃戶來説，他們的地位比皇帝還高。,对佃户来说，他们的地位比皇帝还高。,z_dummy_hv_TEXT_non_deployable.loc,,,
"Fortunately, nothing of note happened during the banquet.",幸運的是，宴會中沒發生什麼大事。 ,幸运的是，宴会中没发生什么大事。,text/_ifo/ifo_text_TWEAK.loc,,,
"Great danger hides in the early mist of day. Phantoms that will maim their prey, or whose choking gass leaves them gasping for air.",,,hv_TEXT_unit_desc.loc,,,
"Hardened Xiliang soldies, these elite spearmen will hold the line against all comers.",這些精銳矛兵是百經錘煉的西涼戰士，會堅守陣地對抗所有來敵。 ,这些精锐矛兵是百经锤炼的西凉战士，会坚守阵地对抗所有来敌。 ,hv_TEXT_unit_desc.loc,,,
"Having defended their home for long enough, even militia may grow to rival professional soldiers.",長久保衛家園之後，即使是民兵也可能成長為職業士兵的對手。,长久保卫家园之后，即使是民兵也可能成长为职业士兵的对手。 ,hv_TEXT_unit_desc.loc,,,
"Her elegance, determination, and beauty made her coveted by all the heroes of the age.",她的優雅、决心和美貌使她受到當時所有英雄的垂涎。,她的优雅、决心和美貌使她受到当时所有英雄的垂涎。,hv_TEXT_ceo_career.loc,,,
"High Hit Rate, Average Armour-Piercing Damage",命中率高，穿甲傷害一般,命中率高，穿甲伤害一般,hv_TEXT_unit_ui_group_t1.loc,,,
"High Hit Rate, High Armour-Piercing Damage",命中率高，穿甲傷害高,命中率高，穿甲伤害高,hv_TEXT_unit_ui_group_t1.loc,,,
"If the year is beyond 195 CE and the emperor token is still in play, then the Imperial Intrigue panel will become unlocked.",假如公元195年後象徵性的皇帝依然在位，到時候朝廷權謀面板將會解除鎖定。,如果年份已超过公元195年，而汉朝天子依然存在，则朝廷权谋面板将会解锁。,text/_ifo/ifo_text_TWEAK.loc,,,
"In the face of adversity, those left standing will close ranks and bolster their resolve.",面對逆境，所剩兵士只能集結起來坚定决心。,面对逆境，所剩兵士只能集结起来坚定决心。,hv_TEXT_unit_abilities.loc,,,
"In the hills and mountains of the Southlands, the desperate will lay down their lives to escape the Han.",,,hv_TEXT_unit_desc.loc,,,
"In the midst of a bloodbath, it's nice to know that someone has your back.",在腥風血雨中你仍有所依靠。,在腥风血雨中你仍有所依靠。,hv_TEXT_unit_abilities.loc,,,
"Indeed, the goods brought by the western merchants are diverse, with many rare and valuable items. Furthermore, the mercenaries escorting them look like natural warriors.",的確，西域商人帶來的貨物種類繁多，其中不乏珍惜名貴之物。而且，護送他們的傭兵看起來就像是天生的戰士。,的确，西域商人带来的货物种类繁多，其中不乏珍惜名贵之物。而且，护送他们的佣兵看起来就像是天生的战士。,hv_TEXT_events.loc,,,
"It's hard to believe, but it might be worth investigating personally.",難以置信，但不妨親自調查一番。,难以置信，但不妨亲自调查一番。,hv_TEXT_events.loc,,,
"Lead the Fight, Encourage, Support",身先士卒，鼓舞軍心,身先士卒，鼓舞军心,hv_TEXT_unit_ui_group_VM.loc,,,
"Long Range, Anti-Cavalry",遠距，反騎兵,远距，反骑兵,hv_TEXT_unit_ui_group_t1.loc,,,
"Long Range, High Armour-Piercing Damage, Slow Reload",遠距，穿甲傷害高，射擊速率慢,远距，穿甲伤害高，射击速率慢,hv_TEXT_unit_ui_group_t1.loc,,,
"Long Range, Low Armour-Piercing Damage, Fast Reload",遠距，穿甲傷害低，射擊速率快,远距，穿甲伤害低，射击速率快,hv_TEXT_unit_ui_group_VM.loc,,,
"Long Range, Siege",遠距，攻城,远距，攻城,hv_TEXT_unit_ui_group_t1.loc,,,
"Low Hit Rate, High Armour-Piercing Damage",命中率低，穿甲傷害高,命中率低，穿甲伤害高,hv_TEXT_unit_ui_group_t1.loc,,,
"Low Hit Rate, High Armour-Piercing Damage, Break Enemy's Shield",命中率低，穿甲傷害高，破盾,命中率低，穿甲伤害高，破盾,hv_TEXT_unit_ui_group_t1.loc,,,
"Low Hit Rate, Low Armour-Piercing Damage",命中率低，穿甲傷害低,命中率低，穿甲伤害低,hv_TEXT_unit_ui_group_t1.loc,,,
"Medium Range, Low Armour-Piercing Damage, Fast Reload",中距，穿甲傷害低，射擊速率快,中距，穿甲伤害低，射击速率快,hv_TEXT_unit_ui_group_t1.loc,,,
"No one will follow a useless emperor. You know that, don't you?",沒人願意追隨一個無能皇帝，你可知否？,没人愿意追随一个无能皇帝，你可知否？,hv_TEXT_events_rules.loc,,,
"Once equipped, this follower can't be unequipped until it is destroyed in 10 turns!",裝備此隨從後，須等到10回合後才能解除。之後此隨從即會消失。,装备此随从后，须等到10回合后才能解除。之后此随从即会消失。,hv_TEXT_effects_ceo.loc,,,
"Once equipped, this item can't be unequipped until it is destroyed in 20 turns!",裝備此飾物後，須等到20回合後才能解除。之後此飾物即會消失。,装备此饰物后，须等到20回合后才能解除。之后此饰物即会消失。,hv_TEXT_effects_ceo.loc,,,
"Once equipped, this item can't be unequipped",此飾物一旦裝備便無法解除,此饰物一旦装备便无法解除,hv_TEXT_effects_ceo.loc,,,
"Perhaps out of admiration or to curry favour, a faction has put in a good word for you with the emperor. Talk of your exploits is is all that is on everyone's lips at the palace of late. ",也許是出於欽佩，也許是向您示好，有一勢力在皇帝面前爲你多加褒詞。最近在宮中人人都在談論您的功績。,也许是出于钦佩，也许是向您示好，有一派系在皇帝面前为你多加褒词。最近在宫中人人都在谈论您的功绩。 ,text/_ifo/ifo_text_TWEAK.loc,,,
"Raining death from afar, the archers of Jingchu have learned well the advantage that the bow brings in hilly terrain.",荊楚弓手早已領悟到了弓箭在丘陵地帶的優勢。 ,荆楚弓手早已领悟到了弓箭在丘陵地带的优势。 ,hv_TEXT_unit_desc.loc,,,
"Ride, ride to ruin and the world's ending!",冲啊！ 冲啊！ 为了捍卫天下！勇往直前！,冲啊！冲啊！为了捍卫天下！勇往直前！,hv_TEXT_unit_abilities.loc,,,
"Selecting this will open the Imperial Intrigue panel, which governs all the mechanics which become active once Emperor Xian comes of age in 195 CE, introducing a struggle over the influence of the new imperial power.",選取之後將會打開朝廷權謀面板，統管獻帝於公元195年成年後開放使用的所有機制，代表著新任皇權所面臨的政治角力。,选择此项将打开朝廷权谋面板，该面板统管着公元195年献帝加元服后开启的所有机制，代表着皇权所面临的政治角力。,text/_ifo/ifo_text_TWEAK.loc,,,
"Short Range, High Armour-Piercing Damage, Average Reload",近距，穿甲傷害高，射擊速率一般,近距，穿甲伤害高，射击速率一般,hv_TEXT_unit_ui_group_t1.loc,,,
"Short Range, Low Armour-Piercing Damage, Fast Reload",近距，穿甲傷害低，射擊速率快,近距，穿甲伤害低，射击速率快,hv_TEXT_unit_ui_group_t1.loc,,,
"Short Range, Low Armour-Piercing Damage, Supress, Slow Reload",近距，穿甲傷害低，壓制，射擊速率慢,近距，穿甲伤害低，压制，射击速率慢,hv_TEXT_unit_ui_group_t1.loc,,,
"Short Range, Powerful Flame Damage, Average Reload",近距，火焰傷害強，射擊速率一般,近距，火焰伤害强，射击速率一般,hv_TEXT_unit_ui_group_t1_VM.loc,,,
"Skirmish, Chase",散兵，追擊,散兵，追击,hv_TEXT_unit_ui_group_t1.loc,,,
"Slander! A rival warlord is spreading malicious rumours at the imperial court, causing Emperor Xian to doubt our loyalty to the Han.",誹謗！一個敵對的軍閥在朝廷散佈惡意的謠言，使獻帝懷疑我們對大漢的忠誠。,诽谤！一个敌对的军阀在朝廷散布恶意的谣言，使献帝怀疑我们对大汉的忠诚。,text/_ifo/ifo_text_TWEAK.loc,,,
"Stalwart as the hills they were raised in, these Chu spearmen are an asset to any warlord.",這些楚國的矛兵與山丘一樣堅韌，對任何一個軍閥來說都是一筆財富。 ,这些楚国的矛兵与山丘一样坚韧，对任何一个军阀来说都是一笔财富。 ,hv_TEXT_unit_desc.loc,,,
"Thanks to your patronage of scholars and men of talent, your officers have made progress on the path to enlightenment.",由於您對學者和人才的贊助，您的官員在啓蒙的道路上取得了進步。,由于您对学者和人才的赞助，您的官员在启蒙的道路上取得了进步。,hv_TEXT_events.loc,,,
"The Xiliang Army is yours to command! Each colonel is loyal to whom they have been assigned, vowing never to leave their side!",西涼軍爲您效命！每一位校尉都忠於自己所屬之人，誓死不離其側！,西凉军为您效命！每一位校尉都忠于自己所属之人，誓死不离其侧！,hv_TEXT_effects_ceo.loc,,,
"The captain of the centre, inspector of the professional Northern Army, has pledged his allegiance to Dong Zhuo. He now has a formidable force at his disposal.",領軍的校尉掌管北軍世兵，現已效忠于董卓。這是支不可小觑的部隊。,领军的校尉掌管北军世兵，现已效忠于董卓。这是支不可小觑的部队。,hv_TEXT_events.loc,,,
"The captain of the centre, inspector of the professional Northern Army, has pledged his allegiance to Gongsun Zan. He now has a formidable force at his disposal.",領軍的校尉掌管北軍世兵，現已效忠于公孫瓚。這是支不可小觑的部隊。,领军的校尉掌管北军世兵，现已效忠于公孙瓒。这是支不可小觑的部队。,hv_TEXT_events.loc,,,
"The captain of the centre, inspector of the professional Northern Army, has pledged his allegiance to Yuan Shu. He now has a formidable force at his disposal.",領軍的校尉掌管北軍世兵，現已效忠于袁術。這是支不可小觑的部隊。,领军的校尉掌管北军世兵，现已效忠于袁术。这是支不可小觑的部队。,hv_TEXT_events.loc,,,
"The finer your horses, the more powerful your cavalry will be. ",有良馬才能有精騎。,有良马才能有精骑。,hv_TEXT_frontend_features.loc,,,
"The forest provides a path, and surer footing, for the respectful.",森林為懂得尊重的人提供了通行路徑和更穩固的立足之地。 ,森林为懂得尊重的人提供了通行路径和更稳固的立足之地。,hv_TEXT_skills_skill_ability__historical.loc,,,
"The imperial ancestral rite ended without incident. Unfortunately, the emperor returned to the place without acknowledging your contribution.",皇家祭祀儀式順利完成，但天子一言不發便回宮了。 ,皇家祭祀仪式顺利完成，但天子一言不发便回宫了。,text/_ifo/ifo_text_TWEAK.loc,,,
"The imperial ancestral rite was completed successfully, and the emperor shows favour to the attending nobles. ",皇家祭祀儀式圓滿完成，天子對到場的貴族示恩。 ,皇家祭祀仪式圆满完成，天子对到场的贵族示恩。,text/_ifo/ifo_text_TWEAK.loc,,,
"The longer this warrior fights, the greater and more inspiring they becomes!",此人會隨著戰鬥時間拉長而越戰越勇，激勵士氣的效果也隨之增強！,此人会随着战斗时间拉长而越战越勇，激励士气的效果也随之增强！ ,hv_TEXT_skills_skill_skill_name_desc.loc,,,
"The pride of the Xiliang army, these armored horsemen will teach their enemy the meaning of “elite cavalry”.",作爲西涼軍的驕傲，這些重甲騎兵將教導他們的敵人“精銳騎兵”的含義。 ,作为西凉军的骄傲，这些重甲骑兵将教导他们的敌人“精锐骑兵”的含义。 ,hv_TEXT_unit_desc.loc,,,
"The sting of an arrowshaft can be deadly, but with these archers, death may still find you long after the arrow pierced your flesh.",,,hv_TEXT_unit_desc.loc,,,
"The warrior flies into a rage, embodying the mighty Xiezhi, a mythical creature of great power.  ",勇士大發雷霆，猶如神話中強大神獸獬豸的體現。  ,勇士大发雷霆，犹如神话中强大神兽獬豸的体现。,hv_TEXT_skills_skill_skill_name_desc.loc,,,
"The yellow turban warband is crushed. Hailing from Qingzhou, the survivors offer their servitude. Cao Cao gathers them under his banner and dubs them Qingzhou Troops.",黃巾匪徒已被擊潰。青州生還者們願意報德。曹操將之收於旗下，名爲青州軍。,黄巾匪徒已被击溃。青州生还者们愿意报德。曹操将之收于旗下，名为青州军。,hv_TEXT_events.loc,,,
"Their bolts remind the foe that even at range, noone is truly safe from the might of the Xiliang army.",他們的弩矢提醒敵人，即使離得很遠，在强大的西涼軍前也不會安全。,他们的弩矢提醒敌人，即使离得很远，在强大的西凉军前也不会安全。,hv_TEXT_unit_desc.loc,,,
"Their own lives are not important, and they will somehow stop the enemy.",不顧己命也要阻擋敵人。,不顾己命也要阻挡敌人。,hv_TEXT_unit_desc.loc,,,
"This general is as an immovable wall, inspiring his men to stand firm against much greater odds.",此將有如一堵難以撼動的牆，激勵麾下兵士堅守陣線排除萬難。,此将有如一堵难以撼动的墙，激励麾下兵士坚守阵线排除万难。,hv_TEXT_skills_skill_skill_name_desc.loc,,,
"This general rallies the troops to greater feats, inspiring them to make one final effort.",此將召集兵士奮勇作戰，鼓勵他們作最後一搏。,此将召集兵士奋勇作战，鼓励他们作最后一搏。,hv_TEXT_skills_skill_skill_name_desc.loc,,,
"This hero accosts the enemy hero, shaking them to the core.",此英雄向敵將大膽喊話，令對方心神動搖。,此英雄向敌将大胆喊话，令对方心神动摇。,hv_TEXT_skills_skill_skill_name_desc.loc,,,
"This man can see all that was, and all that will be.",此人能明鑑古今，洞察未來。,此人能明鉴古今，洞察未来。,hv_TEXT_skills_skill_ability_name_desc.loc,,,
"This man has a great understanding of geography, and can bend it to their own use.",此人熟悉地理知識，能夠善加利用。,此人熟悉地理知识，能够善加利用。,hv_TEXT_skills_skill_skill_name_desc.loc,,,
"This shooter fires and fires, faster and faster, never relenting.",此弓手不斷引弓放箭，越放越快，毫不留手。,此弓手不断引弓放箭，越放越快，毫不留手。,hv_TEXT_skills_skill_ability_name_desc.loc,,,
"This warrior's presence on the battlefield can give hope to his men, even in the most dire of situations.",縱使情勢極為嚴峻，此人現身戰場上仍能為麾下兵士帶來希望。,纵使情势极为严峻，此人现身战场上仍能为麾下兵士带来希望。,hv_TEXT_skills_skill_skill_name_desc.loc,,,
"Though you started with little, you will end with much.",起家微薄亦可立業有成。,起家微薄亦可立业有成。,hv_TEXT_effects_pooled_resource.loc,,,
"Unlocked in 195 CE. Once this is unlocked, you can use imperial favour to preform [[b]]imperial decrees[[/b]]",於公元195年解鎖。一旦解除此鎖定，您便可以運用皇帝寵信度發佈[[b]]皇帝詔書[[/b]],在公元195年解锁。解锁后，可以使用天子宠信来颁布[[b]]圣旨[[/b]]。,text/_ifo/ifo_text_TWEAK.loc,,,
"Using Various Weapons, Multi-Role",使用多種武器，多重角色,使用多种武器，多重角色,hv_TEXT_unit_ui_group_t1.loc,,,
"Using her graceful beauty, she stuns all those around her.",她運用美色，迷得周圍所有人動彈不得。,她运用美色，迷得周围所有人动弹不得。,hv_TEXT_skills_skill_skill_name_desc.loc,,,
"Very High Hit Rate, Very Low Damage",命中率非常高，傷害非常低,命中率非常高，伤害非常低,hv_TEXT_unit_ui_group_t1.loc,,,
"Very Long Range, High Armour-Piercing Damage, Very Slow Reload",超遠距，穿甲傷害高，射擊速率非常慢,超远距，穿甲伤害高，射击速率非常慢,hv_TEXT_unit_ui_group_t1_VM.loc,,,
"We have contacted the Xiongnu and verified that the kidnapped woman is indeed Cai Yan. She has become the concubine of a Xiongnu chieftain. However, the Xiongnu offer to release Cai Yan for a significant sum of gold.",吾人已與匈奴聯係，被綁架的女子確爲已被匈奴王納爲小妾的蔡琰。匈奴提議，可以重金將此女贖回。,吾人已与匈奴联系，被绑架的女子确为已被匈奴王纳为小妾的蔡琰。匈奴提议，可以重金将此女赎回。,hv_TEXT_events.loc,,,
"What kind of men are these, who are not soldiers, yet wear elite armour? Bloody men, who have earned their weaponry through victory and pillaging.",這些人并非軍士，卻穿著精良的鎧甲。他們的裝備來自於血腥的勝利和洗劫。,这些人并非军士，却穿着精良的铠甲。他们的装备来自于血腥的胜利和洗劫。,hv_TEXT_unit_desc.loc,,,
"When the victim was aware of what had happened, it must have already been a serious situation.",等到被害者明白過來，就已爲時已晚。,等到被害者明白过来，就已为时已晚。,hv_TEXT_skills_skill_skill_name_desc.loc,,,
"When unequipped, the upkeep cost of the units unlocked by this follower will increase.",未裝備時，該隨從解鎖的單位的維護費用會增加。,未装备时，该随从解锁的单位的维护费用会增加。,hv_TEXT_effects_ceo.loc,,,
"Whether near or from afar, these soldiers shall bring justice to any who would threaten their prince.",無論遠近，這些士卒都要為任何威脅他們主公的人討回公道。 ,无论远近，这些士卒都要为任何威胁他们主公的人讨回公道。,hv_TEXT_unit_desc.loc,,,
"With Hand-ji and shield, these Xiliang warriors will bring death to the enemy.",佩戴盾與手戟，這些西涼勇士為敵人帶來殺身之禍。,佩戴盾与手戟，这些西凉勇士为敌人带来杀身之祸。,hv_TEXT_unit_desc.loc,,,
"With a shout, this man spurs on their horse. The warrior can plough into enemies with such force that scores of men go flying.",此人高呼一聲，策馬飛奔。他衝入敵陣的勁道之強，足以將大批士兵一舉震飛。,此人高呼一声，策马飞奔。他冲入敌阵的劲道之强，足以将大批士兵一举震飞。,hv_TEXT_skills_skill_skill_name_desc.loc,,,
"With a single shot, The shooter brings death.",此射手只消一擊便能取人性命。,此射手只消一击便能取人性命。,hv_TEXT_skills_skill_ability_name_desc.loc,,,
"With her graceful beauty, she stuns all around her.",她運用美色，迷得周圍所有人動彈不得。,她运用美色，迷得周围所有人动弹不得。,hv_TEXT_skills_skill_skill_name_desc.loc,,,
"With sword and shield, these Xiliang horsemen will strike fear into the foe.",佩戴劍盾，這些西涼騎兵令敵軍不寒而慄。,佩戴剑盾，这些西凉骑兵令敌军不寒而栗。,hv_TEXT_unit_desc.loc,,,
"You give up the hunt and return. However, for reasons unknown, the monster attacks stopped.",您放棄了狩獵，回去了。然而不知爲何，怪獸從此不再攻擊。,您放弃了狩猎，回去了。然而不知为何，怪兽从此不再攻击。,hv_TEXT_events.loc,,,
"You may now recruit {{tr:hv_unit_qingzhou_hand_ji_infantry}}, {{tr:hv_unit_qingzhou_2h_axe_infantry}}, {{tr:hv_unit_qingzhou_raider_cavalry}}.","您現在可以招募：{{tr:hv_unit_qingzhou_hand_ji_infantry}}，{{tr:hv_unit_qingzhou_2h_axe_infantry}}，{{tr:hv_unit_qingzhou_raider_cavalry}}。","您现在可以招募：{{tr:hv_unit_qingzhou_hand_ji_infantry}}，{{tr:hv_unit_qingzhou_2h_axe_infantry}}，{{tr:hv_unit_qingzhou_raider_cavalry}}。"
"Your attendant will manage court affairs, streamlining bureaucracy.",您的隨從將管理宮廷事務，精簡政務。,您的随从将管理宫廷事务，精简政务。,hv_TEXT_skills_additional.loc,,,
"Your attendant will sell the horses you've bred, for a fine sum.",您的隨從會將您所養的馬匹以高價賣出。,您的随从会将您所养的马匹以高价卖出。,hv_TEXT_pooled_resource.loc,,,
"[[b]]ARMOUR[[/b]]\\n\\n Decreases standard melee, ranged and explosion damages. Doesn't help against armour-piercing damage.",[[b]]護甲[[/b]]\\n\\n 減少單位受到的標準近戰傷害、遠程傷害以及爆炸傷害。無法防禦穿甲傷害。,[[b]]护甲[[/b]]\\n\\n减少单位受到的标准近战伤害、远程伤害以及爆炸伤害。无法防御穿甲伤害。,hv_TEXT_etc.loc,,,
"he has excellent talent and intelligence, so there is nothing to be hated.",骨氣奇高，詞彩華貿。,骨气奇高，词彩华茂。,hv_TEXT_ceo_career.loc,,,
%-n black mountain decay,%-n 黑山衰退,%-n黑山衰退,hv_TEXT_effects_pooled_resource.loc,,,
%-n horse breeding decay,%-n 養馬衰退,%-n养马衰退,hv_TEXT_effects_pooled_resource.loc,,,
%-n stratocracy decay,%-n 軍政衰退,%-n军政衰退,hv_TEXT_effects_pooled_resource.loc,,,
A Secret Plan,一條密計,一条密计,hv_TEXT_effects_skills.loc,,,
A Storm of Swords,劍刃風暴,剑刃风暴,hv_TEXT_skills_skill_ability__historical.loc,,,
A Xiliang colonel has joined your faction.,一名西涼校尉加入您的勢力。,一名西凉校尉加入您的派系。,hv_TEXT_events.loc,,,
A captain and the guards commanding the army instead of the general.,由校尉和衛官來指揮軍隊。,由校尉和卫官来指挥军队。,hv_TEXT_unit_desc.loc,,,
A careful decision,慎重決定,慎重决定,hv_TEXT_events.loc,,,
A charge from a squadron of Spear cavalry is a daunting sight for any soldier. But to see the warriors of Yan descend upon them is a new brand of terror altogether.,對任何一個士兵來説，一隊持槍騎兵的衝鋒都會令人生畏。但如果殺來的是燕國戰士，則是一種全新的恐怖。,对任何一个士兵来说，一队持矛骑兵的冲锋都会令人生畏。但如果杀来的是燕国战士，则是一种全新的恐怖。 ,hv_TEXT_unit_desc.loc,,,
A clash is inevitable.,衝突無法避免。,冲突无法避免。,hv_TEXT_skills_skill_ability__historical.loc,,,
A display of unstoppable fury.,展現出勢不可擋的憤怒。,展现出势不可挡的愤怒。,hv_TEXT_skills_skill_ability_name_desc.loc,,,
A few of your officers have gained additional experience.,您的一些官員獲得額外經驗。,您的一些官员获得额外经验。,hv_TEXT_events.loc,,,
A fierce wind blows.,狂風大作。,狂风大作。,hv_TEXT_unit_abilities.loc,,,
A forest friendly man.,此人與林爲友。,此人与林为友。,hv_TEXT_skills_skill_ability_name_desc.loc,,,
A group of unusual men sporting shaved heads disembark from a ship.  They claim to have journeyed from distant lands to spread the teachings of Buddha. Perhaps it will be worth supporting them?,從船上下來一群剃光頭的異人。他們自稱從遙遠地方來此傳播佛道。也許值得支持他們？,从船上下来一群剃光头的异人。他们自称从遥远地方来此传播佛道。也许值得支持他们？,hv_TEXT_events.loc,,,
A moment's respite from battlefield to heal our troops.,從戰場上喘息片刻，為我軍療傷。,从战场上喘息片刻，为我军疗伤。,hv_TEXT_skills_skill_ability_name_desc.loc,,,
A mysterious sword from the West. ,西域而來的神秘寶劍。,西域而来的神秘宝剑。,hv_TEXT_ceo_weapon.loc,,,
A new regime is coming into power.,新政權開始建立。,新政权开始建立。,hv_TEXT_effects_pooled_resource.loc,,,
A noble messenger.,一名高貴的信使。,一名高贵的信使。,z_dummy_hv_TEXT_non_deployable.loc,,,
A place to trade with the natives.,與土著交易之處。,与土著交易之处。,hv_TEXT_building.loc,,,
A place where great teachers and passionate students gather.,賢師高徒匯聚之所。,贤师高徒汇聚之所。,hv_TEXT_building.loc,,,
A quiet but enthusiastic supporter.,安靜但熱情的支持者。,安静但热情的支持者。,z_dummy_hv_TEXT_non_deployable.loc,,,
A regiment of the Northern Army will join your faction.,一個北軍兵團會加入您的勢力。,一个北军兵团会加入您的派系。,hv_TEXT_events.loc,,,
A remarkable talent.,才華橫溢,才华横溢,hv_TEXT_skills_additional.loc,,,
A special arrow containing a toxic substance.,含有有毒物質的特殊箭頭。,含有有毒物质的特殊箭头。,hv_TEXT_skills_skill_ability_name_desc.loc,,,
A successful hunt,狩獵成功,狩猎成功,hv_TEXT_events.loc,,,
A warrior who feels truly alive in battle.,以戰爲生的勇士。,以战为生的勇士。,hv_TEXT_skills_skill_ability__historical.loc,,,
A yellow turban warband has invaded your territory. You must defeat them.,有黃巾軍侵入主公領地，須從速討敵。,有黄巾军侵入主公领地，须从速讨敌。,hv_TEXT_events.loc,,,
Absent,缺席,缺席,text/_ifo/ifo_text_TWEAK.loc,,,
Academic Advancement,學術進步,学术进步,hv_TEXT_events.loc,,,
Agronomy,農藝,农艺,z_dummy_hv_TEXT_non_deployable.loc,,,
All economic activities have been hampered by the minting of a new coin. We have no choice but to wait for merchants to adjust to the new standard.,所有的經濟活動都因爲新幣的鑄造而受到阻礙。我們別無選擇，只能等待商人們適應新的標準。,所有的经济活动都因为新币的铸造而受到阻碍。我们别无选择，只能等待商人们适应新的标准。,hv_TEXT_events.loc,,,
All must take up their tools and participate in the enormous effort of rebuilding society.,眾人皆需拿起工具，參與重建江山社稷的龐大工作。,所有人都必须拿起工具，参与到重建社会的大业中去。,z_dummy_hv_TEXT_non_deployable.loc,,,
Always surrounded by people.,周圍總是很多人。,周围总是很多人。,z_dummy_hv_TEXT_non_deployable.loc,,,
An excellent writing skill.,優秀的寫作能力。,优秀的写作能力。,z_dummy_hv_TEXT_non_deployable.loc,,,
An immovable mountain against the tide of the charge.,任由驚濤拍岸，我自不動如山。,任由惊涛拍岸，我自不动如山。,hv_TEXT_skills_skill_ability__historical.loc,,,
An imperial ancestral rite is being held...,正在舉行皇家祭祀儀式…… ,正在举行皇家祭祀仪式……,text/_ifo/ifo_text_TWEAK.loc,,,
An inevitable rule to stabilize the turmoil.,嚴政方能定亂。,严政方能定乱。,hv_TEXT_pooled_resource.loc,,,
Anger pushes their limits.,憤怒把他們逼至極限。,愤怒把他们逼至极限。,hv_TEXT_unit_abilities.loc,,,
Anti-Cavalry Tactics,反騎兵戰術,反骑兵战术,hv_TEXT_skills_skill_ability__historical.loc,,,
Argumentative and annoying scholars.,好辯又煩人的學者。,好辩又烦人的学者。,z_dummy_hv_TEXT_non_deployable.loc,,,
Army Reinforcement,軍隊補員,军队补员,z_dummy_hv_TEXT_non_deployable.loc,,,
Army of the Great Banner,集兵練卒,集兵练卒,hv_TEXT_events.loc,,,
Artillery,遠程砲兵,远程砲兵,hv_TEXT_unit_ui_group_t1.loc,,,
Assemble,集結,集结,hv_TEXT_skills_skill_ability__historical.loc,,,
Attend,出席,出席,text/_ifo/ifo_text_TWEAK.loc,,,
Authority,權威,权威,z_dummy_hv_TEXT_non_deployable.loc,,,
Bandit Slayer,蕩寇將軍,荡寇将军,hv_TEXT_ceo_career.loc,,,
Barn Swallows,燕子兵,燕子兵,hv_TEXT_unit_text_replacements.loc,,,
Battle Trance,亂戰,乱战,hv_TEXT_unit_abilities.loc,,,
Black Mountain / Opportunistic Alignment,黑山 / 趨利之盟,黑山/趋利之盟,hv_TEXT_frontend_features.loc,,,
Black Mountain bandits exploit the chaos to bolster their numbers.,黑山贼乘乱以增其之数。,黑山贼乘乱以增其之数。,hv_TEXT_pooled_resource.loc,,,
Black Mountain,黑山,黑山,hv_TEXT_pooled_resource.loc,,,
Black Mountain: Few,黑山：量小力微,黑山：量小力微,hv_TEXT_effects_pooled_resource.loc,,,
Black Mountain: Formidable,黑山：望而生畏,黑山：望而生畏,hv_TEXT_effects_pooled_resource.loc,,,
Black Mountain: Organised,黑山：同心協力,黑山：同心协力,hv_TEXT_effects_pooled_resource.loc,,,
Black Mountain: Overwhelming,黑山：勢不可遏,黑山：势不可遏,hv_TEXT_effects_pooled_resource.loc,,,
Black Mountain: Scattered,黑山：四散而逃,黑山：四散而逃,hv_TEXT_effects_pooled_resource.loc,,,
Blood Seekers,嗜血兵,嗜血兵,hv_TEXT_unit_text_replacements.loc,,,
Blood Thirst,嗜血成性,嗜血成性,hv_TEXT_unit_abilities.loc,,,
Blue Turbans,藍巾兵,蓝巾兵,hv_TEXT_unit_text_replacements.loc,,,
Bolster,支持,支持,hv_TEXT_unit_abilities.loc,,,
Bomb Slingers,爆彈兵,爆弹兵,hv_TEXT_unit_text_replacements.loc,,,
Bravery drives a warrior to battle more effectively than any general; a great axe keeps them there.,勇氣是最好的將領，能帶領士兵踏上沙場。良斧在手，則能讓士兵在沙場存活。,勇气是最好的将领，能带领士兵踏上沙场。良斧在手，则能让士兵在沙场存活。,hv_TEXT_unit_desc.loc,,,
Brawl,毆打,殴打,hv_TEXT_skills_skill_ability_name_desc.loc,,,
Brute Power,愈戰愈怒,愈战愈怒,hv_TEXT_skills_skill_ability_name_desc.loc,,,
Buddhism,佛教,佛教,hv_TEXT_etc.loc,,,
Bulldoze,橫衝直撞,横冲直撞,hv_TEXT_unit_abilities.loc,,,
Buqu of the Left General,左將軍部曲,左将军部曲,hv_TEXT_unit_text_replacements.loc,,,
Buy nothing,不買任何東西,无意购买,hv_TEXT_events.loc,,,
CUSTOM BATTLE (BETA),自定義戰鬥（BETA）,自定义战斗（BETA）,hv_TEXT_etc.loc,,,
CUSTOM BATTLE (WIP),自定義戰鬥（WIP）,自定义战斗（WIP）,!hv_TEXT_system.loc,,,
Cai Yan is free once more.,蔡文姬獲救。,蔡文姬获救。,hv_TEXT_events.loc,,,
Calm Down,鎮靜,镇静,hv_TEXT_skills_skill_ability_name_desc.loc,,,
Cao Ang's Armour,曹昂的護甲,曹昂的护甲,hv_TEXT_ceo_career.loc,,,
Cao Cao's presence dampens the enemy's will.,曹操在場，敵人意志消沉。,曹操在场，敌人意志消沉。,hv_TEXT_unit_abilities.loc,,,
Cao Cao's presence unnerves the enemy general!,曹操在場，敵將備受壓制！,曹操在场，敌将备受压制！,hv_TEXT_skills_skill_ability_name_desc.loc,,,
Cao Zhi's Armour,曹植的護甲,曹植的护甲,hv_TEXT_ceo_career.loc,,,
Captain of Yuan House,袁氏校尉,袁氏校尉,hv_TEXT_unit_text_replacements.loc,,,
Captain,校尉,校尉,hv_TEXT_unit_text_replacements.loc,,,
Cement your rule with legitimacy! Build an Imperial City that will be the envy of other warlords. All under heaven will look to you for leadership.,要稱霸就要有正統的名義。若能建造一座萬人敬仰的皇城，便可彰顯實力，天下人必當歸順。,要称霸就要有正统的名义。若能建造一座万人敬仰的都城，便可彰显实力，天下人必当归顺。,hv_TEXT_events.loc,,,
Children of the forest,森林之子,森林之子,hv_TEXT_unit_text_replacements.loc,,,
Chunyu Qiong finally came to his senses! He is no longer a drunkard but a general who can lead an army.,淳于瓊終於想通了！他不再是個酒鬼，而是個能帶兵的將領。,淳于琼终于想通了！他不再是个酒鬼，而是个能带兵的将领。,hv_TEXT_events.loc,,,
Chunyu Qiong sobers up,淳于瓊不再酗酒,淳于琼不再酗酒,hv_TEXT_events.loc,,,
Chunyu Qiong,淳于瓊,淳于琼,hv_TEXT_cb_loadout.loc,,,
City Expansion,擴展城市,扩展城市,hv_TEXT_skills_additional.loc,,,
City Recovery,城市復興,城市复兴,z_dummy_hv_TEXT_non_deployable.loc,,,
Colonel of the Xiliang Army can be earned when occupied,占據時可獲得西涼軍校尉,占据时可获得西凉军校尉,hv_TEXT_region_army.loc,,,
Colonel of the Xiliang Army,西涼軍校尉,西凉军校尉,hv_TEXT_effects_ceo.loc,,,
Commission,委任,委任,hv_TEXT_events.loc,,,
Complete missions to bolster your faction!,完成任務可以增强您的勢力！,完成任务可以增强您的势力！,hv_TEXT_events.loc,,,
Completing these missions will gather northern colonels to your cause.,完成這些任務，北軍校尉就會爲您效力。,完成这些任务，北军校尉就会为您效力。,hv_TEXT_events.loc,,,
Confront the large white tiger,與巨型白虎對峙,与巨型白虎对峙,hv_TEXT_events.loc,,,
Confucianist,儒生,儒生,z_dummy_hv_TEXT_non_deployable.loc,,,
Confucius Institute,孔子學院,孔子学院,hv_TEXT_building.loc,,,
Congestion,擁堵,拥堵,hv_TEXT_effect_faction.loc,,,
Conquest Yellow Turbans,剿滅黃巾,剿灭黄巾,hv_TEXT_etc.loc,,,
Council Proctor,縣丞,县丞,z_dummy_hv_TEXT_non_deployable.loc,,,
Courage and energy are rising.,勇氣與精力皆以重振。,勇气与精力皆以重振。,hv_TEXT_unit_abilities.loc,,,
Courage of Eastern Wu,東吳之勇,东吴之勇,hv_TEXT_skills_skill_ability_wu_brave.loc,,,
Court Management,宮廷管理,宫廷管理,hv_TEXT_skills_additional.loc,,,
Covers ally troops to retreat safely.,掩護友軍安全撤離。,掩护友军安全撤离。,hv_TEXT_unit_abilities.loc,,,
Crossbow Artillery,弩炮,弩炮,hv_TEXT_unit_ui_group_t1.loc,,,
Cunning Monkeys,狡猴兵,狡猴兵,hv_TEXT_unit_text_replacements.loc,,,
Cunning,智謀,智谋,z_dummy_hv_TEXT_non_deployable.loc,,,
DEBUG GUY,校尉,校尉,hv_TEXT_cb_loadout.loc,,,
Danyang Troop Barrack,丹陽部隊軍營,丹阳部队军营,hv_TEXT_building.loc,,,
Danyang Troop Encampment,丹陽部隊營寨,丹阳部队营寨,hv_TEXT_building.loc,,,
Danyang Troop Post,丹陽部隊據點,丹阳部队据点,hv_TEXT_building.loc,,,
Danyang Troop Tally,丹陽虎符,丹阳虎符,hv_TEXT_effects_ceo.loc,,,
Danyang Troops Officer,丹陽部隊士官,丹阳部队士官,hv_TEXT_effects_ceo.loc,,,
Danyang troop tally can be earned when occupied,占據時可獲得丹陽虎符,占据时可获得丹阳虎符,hv_TEXT_region_army.loc,,,
Defensive Stance,防禦姿態,防御姿态,hv_TEXT_unit_abilities.loc,,,
Delivers a very powerful blow.,可發出非常有力的一擊。,可发出非常有力的一击。,hv_TEXT_skills_skill_ability_name_desc.loc,,,
Desperate Stand,背水一戰,背水一战,hv_TEXT_unit_abilities.loc,,,
Devoted Mother,躬親主母,躬亲主母,hv_TEXT_ceo_career.loc,,,
Distracts the focus of enemy ranged troops.,分散敵軍遠程部隊的注意力。,分散敌军远程部队的注意力。,hv_TEXT_skills_skill_ability_name_desc.loc,,,
Disturb,攪擾,搅扰,hv_TEXT_skills_skill_ability_name_desc.loc,,,
Disturbance,擾亂,扰乱,hv_TEXT_skills_additional.loc,,,
Dong Min,董旻,董旻,hv_TEXT_cb_loadout.loc,,,
Dragon Rising,覺醒之龍,觉醒之龙,hv_TEXT_unit_abilities.loc,,,
Dragonlings,少龍兵,少龙兵,hv_TEXT_unit_text_replacements.loc,,,
Drifting Warmongers,漂流戰販,漂流战贩,hv_TEXT_unit_text_replacements.loc,,,
Duke or Grand Master,勢力級別達到公,派系级别达到公,hv_TEXT_etc.loc,,,
Economic and social upheaval casued by the minting of a new coin.,鑄造新幣引起了經濟和社會的動蕩。,铸造新币引起了经济和社会的动荡。,hv_TEXT_effects_technology.loc,,,
Enables: Duelling,可使用：單挑,可使用：单挑,hv_TEXT_skills_skill_ability_etc.loc,,,
Enables: Explosive Shot (Trebuchet),可使用：爆裂彈（投石機）,可使用：爆裂弹（投石机）,hv_TEXT_effects_skills.loc,,,
Enables: Flaming Shot (Trebuchet & Multiple Bolt Crossbow),可使用：燃燒彈（投石機與車弩）,可使用：燃烧弹（投石机与车弩）,,,,
Enables: Flaming Shot (Trebuchet),可使用：燃燒彈（投石機）,可使用：燃烧弹（投石机）,hv_TEXT_effects_skills.loc,,,
Encounter white tigers,遭遇虎襲,遭遇虎袭,hv_TEXT_events.loc,,,
Energy of Black Mountain,黑山之能,黑山之能,hv_TEXT_unit_abilities.loc,,,
Enforcer Troop Tally,捕掾隊虎符,捕掾队虎符,hv_TEXT_effects_ceo.loc,,,
Every person has their own path.,各行其道,各行其道,hv_TEXT_skills_additional.loc,,,
Eviscerate,剔骨,剔骨,hv_TEXT_skills_skill_ability_name_desc.loc,,,
Expertise,專精,专精,z_dummy_hv_TEXT_non_deployable.loc,,,
Faith makes a miracle.,信念可帶來奇跡。,信念可带来奇迹。,hv_TEXT_unit_abilities.loc,,,
Faith of the Messengers,使者信念,使者信念,hv_TEXT_unit_abilities.loc,,,
Fan the flames of war with inextinguishable anger.,以不滅的怒氣煽動戰火。,以不灭的怒气煽动战火。,hv_TEXT_skills_skill_ability_name_desc.loc,,,
Fanatics,狂信徒,狂信徒,hv_TEXT_unit_text_replacements.loc,,,
Favored Son,寵兒,宠儿,hv_TEXT_ceo_career.loc,,,
Fear of Gunpowder,懼怕火器,惧怕火器,hv_TEXT_unit_abilities_hit_effects.loc,,,
Fearless Charge,無畏衝鋒,无畏冲锋,hv_TEXT_unit_abilities.loc,,,
Fearsome Cavalry,駭人鐵騎,骇人铁骑,hv_TEXT_events.loc,,,
Ferghana horses are bred to equip cavalry forces.,養育大宛馬來裝備騎兵部隊。,养育大宛马来装备骑兵部队。,hv_TEXT_pooled_resource.loc,,,
Ferocity,凶猛殘暴,凶猛残暴,hv_TEXT_unit_abilities.loc,,,
Few can escape this warrior's pursuit.,很少有人能逃過這位勇士的追殺。,很少有人能逃过这位勇士的追杀。,hv_TEXT_skills_skill_ability__historical.loc,,,
Fighting revitalises them.,戰鬥使他們重煥活力。,战斗使他们重焕活力。,hv_TEXT_unit_abilities.loc,,,
Fire Control,火控,火控,hv_TEXT_skills_skill_ability__historical.loc,,,
Fire Fiends,火煞兵,火煞兵,hv_TEXT_unit_text_replacements.loc,,,
Fire explosive bolts to demoralise hostile units.,扔擲爆裂彈來打擊敵軍士氣。,扔掷爆裂弹来打击敌军士气。,hv_TEXT_skills_skill_skill_name_desc.loc,,,
First Characteristic,特性一,特性一,hv_TEXT_skills_additional.loc,,,
Flame Breathing,吐火,吐火,hv_TEXT_skills_skill_ability_name_desc.loc,,,#REF!
Forest Strider,森林適性,森林适性,hv_TEXT_skills_skill_ability_name_desc.loc,,,
Fortitude / Trophy Cabinet,堅韌度 / 戰利品櫃,坚韧度 / 战利品宝库,hv_TEXT_frontend_features.loc,,,
Fortune is with them.,正是鴻運當頭之時。,正是鸿运当头之时。,hv_TEXT_unit_abilities.loc,,,
Gain military benefits at the expense of the relations with other factions.,獲得軍事增益，但也會惡化與其他勢力的關係。,获得军事增益，但也会恶化与其他势力的关系。 ,hv_TEXT_frontend_features.loc,,,
Gao Gan's Armour,高幹的護甲,高干的护甲,hv_TEXT_ceo_career.loc,,,
Garrison Reinforcement,駐軍補員,驻军补员,hv_TEXT_skills_additional.loc,,,
Garrisoned armies will support the administration of the local county.,駐軍會協助縣內行政事宜。,驻防军队将会支持当地郡县的管理。,hv_TEXT_effects_pooled_resource.loc,,,
Gathering Volunteers,召集義勇,召集义勇,hv_TEXT_skills_additional.loc,,,
Goshawk Cavalry,蒼鷹突騎,苍鹰突骑,hv_TEXT_unit_text_replacements.loc,,,
Guo Si's Armour,郭汜的護甲,郭汜的护甲,hv_TEXT_ceo_career.loc,,,
Handmaid Guards,護衛侍女,护卫侍女,hv_TEXT_unit_text_replacements.loc,,,
He was also a bandit once.,平定江東之功臣。,平定江东之功臣。,hv_TEXT_ceo_career.loc,,,
He was loved by everyone.,受众人喜爱。,受衆人喜愛。,hv_TEXT_ceo_career.loc,,,
Heavily-armoured troops carrying iron bows that requires very strong tension. ,重裝部隊，携帶張力很强的鐵弓。,重装部队，携带张力很强的铁弓。,hv_TEXT_unit_desc.loc,,,
Herald,先驅,先驱,z_dummy_hv_TEXT_non_deployable.loc,,,
Heroic Outlaws,英勇匪徒,英勇匪徒,hv_TEXT_unit_text_replacements.loc,,,
Hidden Assaults,隱秘突擊兵,隐秘突击兵,hv_TEXT_unit_text_replacements.loc,,,
Hidden Snakes and Rapid Tigers Tally,隱蛇兵與虎賁軍虎符,隐蛇兵与虎捷军虎符,hv_TEXT_effects_ceo.loc,,,
Hidden Snakes,隱蛇兵,隐蛇兵,hv_TEXT_unit_text_replacements.loc,,,
Hidden Spear Assaults,隱槍突擊兵,隐枪突击兵,hv_TEXT_unit_text_replacements.loc,,,
Hire the Sogdian mercenaries,雇傭粟特傭兵,雇佣粟特佣兵,hv_TEXT_events.loc,,,
Hit Bonus,命中率加成,命中率加成,hv_TEXT_etc.loc,,,
Hollowed Square (Ranged),中空方陣（遠程）,中空方阵（远程）,hv_TEXT_unit_abilities.loc,,,
Home region of the Danyang army,丹陽軍起源地,丹阳军起源地,hv_TEXT_region_army.loc,,,
Home region of the Ironfist cavalry,鐵拳騎兵起源地,铁拳骑兵起源地,hv_TEXT_region_army.loc,,,
Home region of the Jingchu army,荊楚軍起源地,荆楚军起源地,hv_TEXT_region_army.loc,,,
Home region of the Xiliang army,西涼軍起源地,西凉军起源地,hv_TEXT_region_army.loc,,,
Hooves of Rage,怒蹄,怒蹄,hv_TEXT_unit_abilities.loc,,,
Horse Breeding / Foraging & Supplies,養馬 / 自行覓食與補給,养马 / 自行觅食与补给,hv_TEXT_frontend_features.loc,,,
Horse Breeding,養馬,养马,hv_TEXT_pooled_resource.loc,,,
Horse Breeding: Abundant,養馬：充裕,养马：充裕,hv_TEXT_effects_pooled_resource.loc,,,
Horse Breeding: Heavenly,養馬：天助,养马：天助,hv_TEXT_effects_pooled_resource.loc,,,
Horse Breeding: Inadequate,養馬：不足,养马：不足,hv_TEXT_effects_pooled_resource.loc,,,
Horse Breeding: Ordinary,養馬：普通,养马：普通,hv_TEXT_effects_pooled_resource.loc,,,
Horse Breeding: Sufficient,養馬：有餘,养马：有余,hv_TEXT_effects_pooled_resource.loc,,,
Hostess,女主人,女主人,z_dummy_hv_TEXT_non_deployable.loc,,,
House Yuan's Officer,袁氏士官,袁氏士官,hv_TEXT_effects_ceo.loc,,,
Household Ji Guards of Yuan,袁氏家族戟衛,袁氏家族戟卫,hv_TEXT_unit_text_replacements.loc,,,
Hua Lanli,華蘭麗,华兰丽,hv_TEXT_cb_loadout.loc,,,
Hunting Area,狩獵區,狩猎区,hv_TEXT_building.loc,,,
Hurl a bundle of explosive fire bombs to knock down the enemy.,扔擲爆裂火油彈來擊倒敵人。,扔掷爆裂火油弹来击倒敌人。,hv_TEXT_skills_skill_skill_name_desc.loc,,,
I have no choice but to pretend that I am a warrior who knows no fear.,我别无选择，只能假装自己是一個無畏战士,我别无选择，只能假装自己是一个无畏战士,hv_TEXT_unit_abilities.loc,,,
Immature but passionate.,不經世故但鬥志昂揚。,不经世故但斗志昂扬。,hv_TEXT_unit_abilities.loc,,,
Imperial Favour: Ancestral Rite,皇帝寵信：祭祀儀式 ,天子宠信：祭祀仪式,text/_ifo/ifo_text_TWEAK.loc,,,
Imperial Favour: Banquet,皇帝寵信：皇家宴會 ,天子宠信：皇家宴会,text/_ifo/ifo_text_TWEAK.loc,,,
Imperial Sword Guards,禁軍劍衛,禁军佩剑守卫,hv_TEXT_unit_text_replacements.loc,,,
Imperial ancestral rite ended,皇家祭祀儀式結束,皇家祭祀仪式结束,text/_ifo/ifo_text_TWEAK.loc,,,
Imperial banquet ended without incident,皇家宴會結束，並無意外發生 ,皇家宴会结束，并无意外发生,text/_ifo/ifo_text_TWEAK.loc,,,
Importunity,堅韌不屈,坚韧不屈,hv_TEXT_unit_abilities.loc,,,
Individuality 1,個性一,个性一,,,,
Individuality 2,個性二,个性二,,,,
Individuality 3,個性三,个性三,,,,
Indomitable Warrior,無畏之士,无畏之士,hv_TEXT_skills_skill_ability_name_desc.loc,,,
Infill Development ,填地開發,填地开发,hv_TEXT_building.loc,,,
Inflicts less damage and has reduced accuracy but suppresses targets.,造成傷害較低，準確率也降低，但可壓制目標。,造成伤害较低，准确率也降低，但可压制目标。,hv_TEXT_etc.loc,,,
Inner Vitality,内在活力,内在活力,hv_TEXT_skills_skill_ability__historical.loc,,,
Inspection,審查,审查,z_dummy_hv_TEXT_non_deployable.loc,,,
Instinct,本能,本能,z_dummy_hv_TEXT_non_deployable.loc,,,
Investigate,調查,调查,hv_TEXT_events.loc,,,
Iron Walls,鐵壁兵,铁壁兵,hv_TEXT_unit_text_replacements.loc,,,
Ironfist Cavalry can be recruited when occupied,占據時可獲得鐵拳騎兵,占据时可获得铁拳骑兵,hv_TEXT_region_army.loc,,,
It causes fear.,引發恐慌。,引发恐慌。,hv_TEXT_unit_abilities_hit_effects.loc,,,
It must be bullshit.,無稽之談。,无稽之谈。,hv_TEXT_events.loc,,,
It seems you've offended the imperial court...,看來你得罪了朝廷…… ,看来你得罪了朝廷……,text/_ifo/ifo_text_TWEAK.loc,,,
It's best to ignore these annoying preachers.,不應理睬這些煩人的佈道僧侶。,不应理睬这些烦人的布道僧侣。,hv_TEXT_events.loc,,,
It's getting harder to find anyone who isn't a Black Mountain bandit.,四海之内，莫非黑山。,四海之内，莫非黑山。,hv_TEXT_effects_pooled_resource.loc,,,
Jei Fan Infantry,解煩兵,解烦兵,hv_TEXT_unit_text_replacements.loc,,,
Ji Guards of the Eight Talents,八才戟衛,八才戟卫,hv_TEXT_unit_text_replacements.loc,,,
Jiang Qin's Armour,蔣欽的護甲,蒋钦的护甲,hv_TEXT_ceo_career.loc,,,
Jingchu Troop Tally,荊楚虎符,荆楚虎符,hv_TEXT_effects_ceo.loc,,,
Jingchu troop tally can be earned when occupied,占據時可獲得荊楚虎符,占据时可获得荆楚虎符,hv_TEXT_region_army.loc,,,
Khanda,坎達直劍,坎达直剑,hv_TEXT_ceo_weapon.loc,,,
King Duosi [[img:unit_elephant]][[/img]],朵思大王 [[img:unit_elephant]][[/img]],朵思大王[[img:unit_elephant]][[/img]],hv_TEXT_cb_loadout.loc,,,
King Meng Huo [[img:unit_elephant]][[/img]],孟獲大王 [[img:unit_elephant]][[/img]],孟获大王[[img:unit_elephant]][[/img]],hv_TEXT_cb_loadout.loc,,,
King Mulu [[img:unit_elephant]][[/img]],木鹿大王 [[img:unit_elephant]][[/img]],木鹿大王[[img:unit_elephant]][[/img]],hv_TEXT_cb_loadout.loc,,,
King Shamoke [[img:unit_elephant]][[/img]],沙摩柯大王 [[img:unit_elephant]][[/img]],沙摩柯大王[[img:unit_elephant]][[/img]],hv_TEXT_cb_loadout.loc,,,
King Wutugu [[img:unit_elephant]][[/img]],兀突骨大王 [[img:unit_elephant]][[/img]],兀突骨大王[[img:unit_elephant]][[/img]],hv_TEXT_cb_loadout.loc,,,
Lady Liu always cares about her family.,劉夫人總是關心他的家人。,刘夫人总是关心她的家人。,z_dummy_hv_TEXT_non_deployable.loc,,,
Lady Liu's Robes,劉夫人的長袍 ,刘夫人的长袍,z_dummy_hv_TEXT_non_deployable.loc,,,
Lady Liu,劉氏,刘氏,hv_TEXT_ceo_career.loc,,,
Lady Liu’s Embroidered Garment,劉夫人繡衣 ,刘夫人绣衣,hv_TEXT_ceo_armour.loc,,,
Lady Zhurong [[img:unit_elephant]][[/img]],祝融夫人 [[img:unit_elephant]][[/img]],祝融夫人[[img:unit_elephant]][[/img]],hv_TEXT_cb_loadout.loc,,,
Landlord,地主,地主,z_dummy_hv_TEXT_non_deployable.loc,,,
Large Warehouse,大型倉庫,大型仓库,hv_TEXT_building.loc,,,
Leads and commands the retinues.,領導及指揮隨從。,领导及指挥随从。,hv_TEXT_unit_desc.loc,,,
Legacy of Lu Bu,呂布餘部,吕布余部,hv_TEXT_etc.loc,,,
Legacy of Tao Qian,陶謙餘部,陶谦余部,hv_TEXT_etc.loc,,,
Legacy of Yuan Shu,袁術餘部,袁术余部,hv_TEXT_etc.loc,,,
Local Celebrity,名士,名士,z_dummy_hv_TEXT_non_deployable.loc,,,
Local Noble's Estate,地方豪强莊園,地方豪强庄园,hv_TEXT_building.loc,,,
Looking for the monster...,尋覓怪獸……,寻觅怪兽……,hv_TEXT_events.loc,,,
Loose and Charge (Cavalry),騎兵疏陣衝鋒,骑兵疏阵冲锋,hv_TEXT_unit_abilities.loc,,,
Loose and Charge,疏陣衝鋒,疏阵冲锋,hv_TEXT_unit_abilities.loc,,,
Lord of the Battlefield,戰場之王,战场之王,hv_TEXT_etc.loc,,,
Lu Bu's army follows your faction.,呂布之兵將追隨於您。,吕布之兵将追随于您。,hv_TEXT_events.loc,,,
Lu Bu,呂布,吕布,hv_TEXT_cb_loadout.loc,,,
Lu Zheng,陸政,陆政,hv_TEXT_cb_loadout.loc,,,
Lucky Shot,幸運一擊,幸运一击,hv_TEXT_unit_abilities.loc,,,
Luo Jun,駱俊,骆俊,hv_TEXT_cb_loadout.loc,,,
Make Calm Down,鎮靜,镇静,hv_TEXT_skills_skill_ability_name_desc.loc,,,
Manage local products more thoroughly and convert wasted materials into stockpiles.,完善管理本地貨物，回收廢棄物品。,完善管理本地货物，回收废弃物品。,hv_TEXT_building.loc,,,
Marquis or Chancellor of State,勢力級別達到侯,派系级别达到侯,hv_TEXT_etc.loc,,,
Martial Prowess,精通武藝,精通武艺,hv_TEXT_unit_abilities.loc,,,
Mettlesome Advance,突飛猛進,突飞猛进,hv_TEXT_skills_skill_ability_name_desc.loc,,,
Military Support,軍事支援,军事支持,z_dummy_hv_TEXT_non_deployable.loc,,,
Military Talent,軍事才能,军事才能,hv_TEXT_events.loc,,,
Moment of Courage,一時之勇,一时之勇,hv_TEXT_unit_abilities.loc,,,
Morale Shock Projectile,箭矢打擊士氣,箭矢打击士气,hv_TEXT_unit_ui_group_t1.loc,,,
Mortal Strike,致命一擊,致命一击,hv_TEXT_skills_skill_ability_name_desc.loc,,,
Motivating men to fight is the essense of leadership.,激發鬥志乃是領軍的精髓。,激发斗志乃是领军的精髓。,hv_TEXT_skills_basic.loc,,,
Nanman Infill Development ,南蠻填地開發,南蛮填地开发,hv_TEXT_building.loc,,,
Nanman-Han Trading Post,南蠻交易所,南蛮交易所,hv_TEXT_building.loc,,,
Nature's Ally,,,hv_TEXT_skills_skill_ability__historical.loc,,,
No horseman shall pass these spearmen from the famed Xiliang army.,沒有任何騎兵能衝破赫赫有名的西涼軍槍陣。,没有任何骑兵能冲破赫赫有名的西凉军枪阵。 ,hv_TEXT_unit_desc.loc,,,
No one is faster than this one.,無人能快過飛燕的速度。,无人能快过飞燕的速度。,hv_TEXT_skills_skill_ability_name_desc.loc,,,
No one wants troublemakers.,莫要惹是生非。,莫要惹是生非。,hv_TEXT_events.loc,,,
Nomad Gang,游牧馬賊,游牧马贼,hv_TEXT_unit_text_replacements.loc,,,
Norther Army Captains,北軍校尉,北军校尉,hv_TEXT_events.loc,,,
Northern Veteran Zhanmajian Infantry,,,hv_TEXT_unit_text_replacements.loc,,,
Not all of us get a second chance.,不是所有人都有機會重來。,不是所有人都有机会重来。,hv_TEXT_skills_skill_ability_name_desc.loc,,,
Oath Fellows,結義弟兄,结义弟兄,hv_TEXT_unit_text_replacements.loc,,,
Offensive Stance,進攻姿態,进攻姿态,hv_TEXT_unit_abilities.loc,,,
Onslaught,猛攻,猛攻,hv_TEXT_unit_abilities.loc,,,
Organise your troops into a solid wall to deter horses. It's a simple but effective tactic.,將士兵組成人墻來抵禦馬匹。此戰術簡單有效。,将士兵组成人墙来抵御马匹。此战术简单有效。,hv_TEXT_skills_skill_ability__historical.loc,,,
Organised volleys prove more effective.,依序射擊更為有效。,依序射击更为有效。,hv_TEXT_skills_skill_ability__historical.loc,,,
Outlaws of Black Mountain,黑山匪徒,黑山匪徒,hv_TEXT_unit_text_replacements.loc,,,
Overwhelmming,壓倒之勢,压倒之势,hv_TEXT_skills_skill_ability_name_desc.loc,,,
Palace Guards,宮廷侍衛,宫廷侍卫,hv_TEXT_unit_text_replacements.loc,,,
Passive Ability,被動技能,被动技能,hv_TEXT_unit_abilities.loc,,,
Perhaps you can bring them into your fold...,或許可以招攬……,或许可以招揽……,hv_TEXT_events.loc,,,
Pike Wall - Ji Guards of the Eight Talents,八才戟衛戟墻,八才戟卫戟墙,hv_TEXT_unit_abilities.loc,,,
Pike Wall - White Feathers,白毦兵戟墻,白毦兵戟墙,hv_TEXT_unit_abilities.loc,,,
Poets will sing about today.,詩人會爲此日做歌。,诗人会为此日做歌。,hv_TEXT_skills_skill_ability_wu_brave.loc,,,
Poison-wind,毒風,毒风,hv_TEXT_skills_skill_ability_name_desc.loc,,,
Political Maneuvering,政治斡旋,政治斡旋,text/_ifo/ifo_text_TWEAK.loc,,,
Porcupine Crossbowmen,豪彘弩兵,豪彘弩兵,hv_TEXT_unit_text_replacements.loc,,,
Powerful Charge,强力衝鋒,强力冲锋,hv_TEXT_unit_ui_group_t1.loc,,,
Powerful white tigers are with us. ,强大的白虎與我們同在。,强大的白虎与我们同在。,hv_TEXT_effects_events.loc,,,
Prevention is better than cure.,防患於未然。,防患于未然。,z_dummy_hv_TEXT_non_deployable.loc,,,
Prevention,預防,预防,z_dummy_hv_TEXT_non_deployable.loc,,,
Pride and confidence go hand in hand.,傲慢即信心所在。,傲慢即信心所在。,hv_TEXT_skills_skill_ability_name_desc.loc,,,
Prisoner Negotiation,贖回文姬,赎回文姬,hv_TEXT_events.loc,,,
Protection of Black Mountain,黑山之佑,黑山之佑,hv_TEXT_unit_abilities.loc,,,
Provides [[b]]Danyang Troop Captain[[/b]] recruitment charges,提供[[b]]丹陽部隊校尉[[/b]]招募次數,提供[[b]]丹阳部队校尉[[/b]]招募次数,hv_TEXT_effects_building.loc,,,
Pulverize,粉碎一擊,粉碎一击,hv_TEXT_unit_abilities.loc,,,
Purchase a horse,買馬,买马,hv_TEXT_events.loc,,,
Purchase a western sword,買劍,买剑,hv_TEXT_events.loc,,,
Qingzhou Troops,青州軍,青州军,hv_TEXT_events.loc,,,
Qu Gong,瞿恭,瞿恭,hv_TEXT_cb_loadout.loc,,,
Rage of Black Mountain,黑山之怒,黑山之怒,hv_TEXT_unit_abilities.loc,,,
Raise your reputation! ,您需要提高您的聲望！,您需要提高您的声望！,hv_TEXT_events.loc,,,
Rapid Fire,速射,速射,hv_TEXT_etc.loc,,,
Reassuring words prevent soldiers from wavering on a chaotic battlefield.,安慰之言以防士卒于乱战中摇摆不定。,安慰之言以防士卒于乱战中摇摆不定。,hv_TEXT_skills_skill_ability_name_desc.loc,,,
Remnants of Lu Bu's faction have joined us. ,呂布勢力的餘黨加入我方。,吕布派系的余党加入我方。,hv_TEXT_effects_events.loc,,,
Remnants of Yuan Shu's faction have joined us. ,袁術勢力的餘黨加入我方。,袁术派系的余党加入我方。,hv_TEXT_effects_events.loc,,,
Ren Xia,任俠,任侠,hv_TEXT_unit_text_replacements.loc,,,
Resolve,決心,决心,z_dummy_hv_TEXT_non_deployable.loc,,,
Restore,回復,回复,hv_TEXT_skills_skill_ability_name_desc.loc,,,
Retreat Cover,掩護撤退,掩护撤退,hv_TEXT_unit_abilities.loc,,,
Rumors about a monster,怪獸傳言,怪兽传言,hv_TEXT_events.loc,,,
Sacred Chants,神詠,神咏,hv_TEXT_unit_abilities.loc,,,
Scholar Warriors,學霸勇士,学霸勇士,hv_TEXT_unit_text_replacements.loc,,,
Scion,袁術之子,袁术之子,hv_TEXT_ceo_career.loc,,,
Scribe,主簿,主簿,z_dummy_hv_TEXT_non_deployable.loc,,,
Second Chance,餘燼復燃,余烬复燃,hv_TEXT_skills_skill_ability_name_desc.loc,,,
Second Characteristic,特性二,特性二,hv_TEXT_skills_additional.loc,,,
Second Wind,重振旗鼓,重振旗鼓,hv_TEXT_unit_abilities.loc,,,
Sell Horses,賣馬,卖马,hv_TEXT_pooled_resource.loc,,,
Send civil officials,派文官前去 ,派文官前去,text/_ifo/ifo_text_TWEAK.loc,,,
Send military officers,派武官前去 ,派武官前去,text/_ifo/ifo_text_TWEAK.loc,,,
Send your warriors into the thick of battle and watch as they fight even more fiercely.,将你的勇士们送入战场，看着他们更加激烈的战斗。,将你的勇士们送入战场，看着他们更加激烈的战斗。,hv_TEXT_skills_skill_ability_name_desc.loc,,,
Set your heart ablaze!,將你的心點燃！,将你的心点燃！,hv_TEXT_skills_skill_ability_name_desc.loc,,,
Shen Pei,審配,审配,hv_TEXT_cb_loadout.loc,,,
Shield Wall (Spear) - Danyang,丹陽槍盾陣,丹阳枪盾阵,hv_TEXT_unit_abilities.loc,,,
Shield Wall - Danyang,丹陽盾陣,丹阳盾阵,hv_TEXT_unit_abilities.loc,,,
Shoot some crossbow-bombs for reducing morale of hostile units.,射出一些弩彈，用於降低敵軍士氣。,射出一些弩弹，用于降低敌军士气。,hv_TEXT_skills_skill_ability_name_desc.loc,,,
Sinister Strike,險惡一擊,险恶一击,hv_TEXT_skills_skill_ability_name_desc.loc,,,
Sniper Position,狙擊位置,狙击位置,hv_TEXT_unit_abilities.loc,,,
Social Turmoil,社會動盪,社会动荡,hv_TEXT_events.loc,,,
Sogd Mercenary Tally,粟特虎符,粟特虎符,,,,
Sogdian Merchants,粟特商人,粟特商人,hv_TEXT_events.loc,,,
Sogdian Officer,粟特士官,粟特士官,hv_TEXT_effects_ceo.loc,,,
Sogdians from the west has been spotted entering our borders. We will be able to purchase fine goods or hire Sogd mercenaries soon.,自西域而來的粟特商人出現在我方境内。我們很快就能買到精美商品，或者雇傭粟特傭兵。,自西域而来的粟特商人出现在我方境内。我们很快就能买到精美商品，或者雇佣粟特佣兵。,hv_TEXT_events.loc,,,
Sogidan Merchants Approach,粟特商人來訪,粟特商人来访,hv_TEXT_events.loc,,,
Soldiers gather under the banner of this hero.,军士聚于此英雄之旗下。,军士聚于此英雄之旗下。,hv_TEXT_skills_skill_ability__historical.loc,,,
Someone who stands out among the people.,超凡脫俗,超凡脱俗,hv_TEXT_skills_additional.loc,,,
Speed is the essence of war.,兵貴神速。,兵贵神速。,hv_TEXT_unit_abilities.loc,,,
Spice Guard,香料護衛,香料护卫,hv_TEXT_unit_text_replacements.loc,,,
Steppe horse archers are in high demand by many warlords. But sometimes they make a better profit by working for themselves.,很多軍閥都想要有草原騎射手。但與其為人效命，有時候不如自己單幹。 ,很多军阀都想要有草原骑射手。但与其为人效命，有时候不如自己单干。,hv_TEXT_unit_desc.loc,,,
Stockpile Storage ,儲備站,储备站,hv_TEXT_building.loc,,,
Stratocracy / Military Government,軍政 / 軍事政府,军政/军事政府,hv_TEXT_frontend_features.loc,,,
Stratocracy,軍政,军政,hv_TEXT_pooled_resource.loc,,,
Stratocracy: Empowered,軍政：全權在握,军政：全权在握,hv_TEXT_effects_pooled_resource.loc,,,
Stratocracy: Great,軍政：卓有成效,军政：卓有成效,hv_TEXT_effects_pooled_resource.loc,,,
Stratocracy: Insignificant,軍政：尚未實行,军政：尚未实行,hv_TEXT_effects_pooled_resource.loc,,,
Stratocracy: Modest,軍政：初試鋒芒,军政：初试锋芒,hv_TEXT_effects_pooled_resource.loc,,,
Stratocracy: Substantial,軍政：不可小覷,军政：不可小觑,hv_TEXT_effects_pooled_resource.loc,,,
Strength of Black Mountain,黑山之力,黑山之力,hv_TEXT_unit_abilities.loc,,,
Striking Tide,刀浪澎湃,刀浪澎湃,hv_TEXT_skills_skill_ability_name_desc.loc,,,
Stylism,文學,文学,z_dummy_hv_TEXT_non_deployable.loc,,,
Supply Management,補給管理,补给管理,hv_TEXT_building.loc,,,
Support them,支持他們,支持他们,hv_TEXT_events.loc,,,
Survival Instinct ,生存本能,生存本能,hv_TEXT_region_army.loc,,,
Swallow,燕翔,燕翔,hv_TEXT_skills_skill_ability_name_desc.loc,,,
Sword Guards of the Eight Talents,八才劍衛,八才剑卫,hv_TEXT_unit_text_replacements.loc,,,
Tactical Advance,戰術前進,战术前进,hv_TEXT_unit_abilities.loc,,,
Taishan Batters,泰山連擊兵,泰山连击兵,hv_TEXT_unit_text_replacements.loc,,,
Taishan Phantoms,泰山魅影兵,泰山魅影兵,hv_TEXT_unit_text_replacements.loc,,,
Taishan Poison Wind Archers,泰山毒風弓兵,泰山毒风弓兵,hv_TEXT_unit_text_replacements.loc,,,
Take out their archers. I'll meet you in the middle.,解決掉他們的弓手，我們到中間會合。,解决掉他们的弓手，我们到中间会合。,hv_TEXT_unit_abilities.loc,,,
The Black Mountain bandits are scattered. ,黑山匪徒已作鳥獸散。,黑山匪徒已作鸟兽散。,hv_TEXT_effects_pooled_resource.loc,,,
The Black Mountain bandits make their advance.,黑山匪徒開始進軍。,黑山匪徒开始进军。,hv_TEXT_unit_abilities.loc,,,
The Black Mountain bandits make their move.,黑山匪徒開始出動。,黑山匪徒开始出动。,hv_TEXT_unit_abilities.loc,,,
The Black Mountain bandits make their stand.,黑山匪徒擺開陣勢。,黑山匪徒摆开阵势。,hv_TEXT_unit_abilities.loc,,,
The Black Mountain bandits unleash their fury.,黑山匪徒怒不可遏。,黑山匪徒怒不可遏。,hv_TEXT_unit_abilities.loc,,,
The Glory of the Han shall endure while these men have the strength to wield their halberds.,只要這些人有力量揮舞他們的戰戟，漢室的榮耀就將延續。,只要这些人有力量挥舞他们的战戟，汉室的荣耀就将延续。 ,hv_TEXT_unit_desc.loc,,,
The Han must be restored. These men shall follow their righteous general to the death to see it done.,漢室必須復興。這些人將誓死跟隨他們通曉大義的將軍。,汉室必须复兴。这些人将誓死跟随他们通晓大义的将军。 ,hv_TEXT_unit_desc.loc,,,
The Kidnapped Girl,文姬歸漢,文姬归汉,hv_TEXT_events.loc,,,
The Legacy of Lu Bu,呂布殘黨,吕布残党,hv_TEXT_effects_events.loc,,,
The Legacy of Yuan Shu,袁術殘黨,袁术残党,hv_TEXT_effects_events.loc,,,
The New Coin Causes Confusion!,新幣引起了混亂！,新币引起了混乱！,hv_TEXT_events.loc,,,
The Wandering Survivors,寄人籬下,寄人篱下,hv_TEXT_events.loc,,,
The Yan frontier offers no shortage of good horses. The constant warfare provides these steeds with expert riders.,燕疆不乏良馬。連綿的戰事為這些戰馬提供了老練的騎手。  ,燕疆不乏良马。连绵的战事为这些战马提供了老练的骑手。,hv_TEXT_unit_desc.loc,,,
The Yellow Warlord,黃巾軍將領,黄巾军将领,hv_TEXT_cb_loadout.loc,,,
The arrival of Buddhism,佛教傳入,佛教传入,hv_TEXT_events.loc,,,
The banquet proceeds...,宴會繼續進行……,宴会继续进行……,text/_ifo/ifo_text_TWEAK.loc,,,
The battlefield is your stage.,戰場即是您的舞臺。,战场即是您的舞台。,hv_TEXT_etc.loc,,,
The emperor thinks highly of you. His majesty has decided to gift you a small fortune in honour of your contributions to the state.,天子對你甚有好感，决定給你一些賞賜，來表彰你對朝廷的貢獻。 ,天子对你甚有好感，决定给你一些赏赐，来表彰你对朝廷的贡献。,text/_ifo/ifo_text_TWEAK.loc,,,
The estates of powerful and wealthy families.,地方豪强的地產。,地方豪强的地产。,hv_TEXT_building.loc,,,
The flame of hope shines bright in the darkest hour.,希望之火在最黯時刻光芒閃耀。,希望之火在最黯时刻光芒闪耀。,hv_TEXT_unit_abilities.loc,,,
The markets have been thrown into chaos as townsfolk and merchants scramble to adopt the new currency.,由於鎮民和商人正向采用新貨幣，市場已陷入混亂。,由于镇民和商人争相采用新货币，市场已陷入混乱。,hv_TEXT_effects_technology.loc,,,
The next reform can be implemented without cooldown,下次改革可以馬上執行，無需冷卻,下次改革可以马上执行，无需冷却,hv_TEXT_effects_technology.loc,,,
The officer in charge of Danyang units.,指揮丹陽部隊的士官。,指挥丹阳部队的士官。,hv_TEXT_effects_ceo.loc,,,
The officer in charge of Sogdian mercenary units.,指揮粟特部隊的士官。,指挥粟特部队的士官。,hv_TEXT_effects_ceo.loc,,,
The officer in charge of White Horse units.,指揮白馬部隊的士官。,指挥白马部队的士官。,hv_TEXT_effects_ceo.loc,,,
The officer in charge of house Yuan units.,指揮袁氏部隊的士官。,指挥袁氏部队的士官。,hv_TEXT_effects_ceo.loc,,,
The path to prominence in these turbulent times is by the sword! Win battles to demonstrate your capability.,在此動蕩之秋，要想出人頭地就只有靠刀劍！贏得戰鬥便能展示您的能力。,在此动荡之秋，要想出人头地就只有靠刀剑！赢得战斗便能展示您的能力。,hv_TEXT_events.loc,,,
The people of Danyang have a reputation for bravery. Tao Qian has turned them into a well-trained army.,丹陽人以奮勇著稱。陶謙整備軍隊，訓練有素。,丹阳人以奋勇著称。陶谦整备军队，训练有素。,hv_TEXT_building.loc,,,
The quantity and quality of your warhorses is unmatched!,戰馬的數量與質量皆無與倫比！,战马的数量与质量皆无与伦比！,hv_TEXT_effects_pooled_resource.loc,,,
The roar of gunpowder is more terrifying than any man or beast.,火藥的轟鳴聲比任何人獸都更可畏。,火药的轰鸣声比任何人兽都更可畏。,hv_TEXT_unit_abilities_hit_effects.loc,,,
The unit inspires nearby soldiers to fight more aggressively.,此單位激勵附近士卒更粗莽地戰鬥。,此单位激励附近士卒更粗莽地战斗。 ,hv_TEXT_unit_abilities.loc,,,
The unit inspires nearby soldiers to fight more cautiously.,此單位激勵附近士卒更謹慎地戰鬥。,此单位激励附近士卒更谨慎地战斗。,hv_TEXT_unit_abilities.loc,,,
The wave of the blade push the enemy away.,一道道刀浪將敵人推走。,一道道刀浪将敌人推走。,hv_TEXT_skills_skill_ability_name_desc.loc,,,
Their shots are almost always accurate even in the sand breeze.,即使在沙塵中，他們也總能準確命中。,即使在沙尘中，他们也总能准确命中。 ,hv_TEXT_unit_desc.loc,,,
There is nothing to fear because the heaven is watching.,上天保佑，無可畏懼。,上天保佑，无可畏惧。,hv_TEXT_skills_skill_ability_name_desc.loc,,,
There's a sufficient number of horses.,有足夠多的馬匹。,有足够多的马匹。,hv_TEXT_effects_pooled_resource.loc,,,
There's insufficient horses!,馬匹數量不足！,马匹数量不足！,hv_TEXT_effects_pooled_resource.loc,,,
There's no shortage of good horses.,不缺好马。,不缺好馬。,hv_TEXT_effects_pooled_resource.loc,,,
There's something about this strike that just feels off.,這種攻擊讓人覺得不太對勁。,这种攻击让人觉得不太对劲。,hv_TEXT_skills_skill_ability_name_desc.loc,,,
These Buddhists are welcome here.,歡迎這些僧侶。,欢迎这些僧侣。,hv_TEXT_events.loc,,,
These versatile infantry will solve nigh any problem their Wu commanders might face.,這些多能的步兵幾乎可以解决吳軍將領可能面臨的任何問題。,这些多能的步兵几乎可以解决吴军将领可能面临的任何问题。,hv_TEXT_unit_desc.loc,,,
They becomes frenzied when blood is spilled.,他們聞到血腥就會瘋狂。,他们闻到血腥就会疯狂。,hv_TEXT_unit_abilities.loc,,,
They excel as warriors having trained in martial disciplines.,他們是受過武術訓練的優秀戰士。,他们是受过武术训练的优秀战士。,hv_TEXT_unit_abilities.loc,,,
They get everything down to a note.,他們會記錄一切事務。,他们会记录一切事务。,z_dummy_hv_TEXT_non_deployable.loc,,,
Third Characteristic,特性三,特性三,hv_TEXT_skills_additional.loc,,,
This age of strife breeds men with a talent for warfare. A follower who has recently joined the faction can assume the role of managing an exclusive unit.,亂世出豪傑。新進的一名隨從可管理一隻特殊軍隊。,乱世出豪杰。新进的一名随从可管理一只特殊军队。,hv_TEXT_events.loc,,,#REF!
This authorisation tally is tradeable in diplomacy!,此兵符可在外交中用來交易！,此兵符可在外交中用来交易！,hv_TEXT_effects_ceo.loc,,,
This hero believes you can only kill that which you can catch.,此人相信，要將敵人除之而後快，就必須先追得上敵人。,此人相信，要将敌人除之而后快，就必须先追得上敌人。,hv_TEXT_skills_skill_ability__historical.loc,,,
This hero gets a bonus in duels. ,此英雄在單挑中有加成。,此英雄在单挑中有加成。,hv_TEXT_skills_additional.loc,,,
This hero gets a great bonus in duels. ,此英雄在單挑中有强大加成。,此英雄在单挑中有强大加成。 ,hv_TEXT_skills_additional.loc,,,
This is path of militarism.,以軍治國，軍國一體。,以军治国，军国一体。,hv_TEXT_effects_pooled_resource.loc,,,
This is the basic way to correct corruption.,清除腐敗以此爲本。,清楚腐败以此为本。,z_dummy_hv_TEXT_non_deployable.loc,,,
This unit's weapon allows it to pierce even the strongest enemy armour.,此單位的武器可以穿透最强的護甲。,此单位的武器可以穿透最强的护甲。,hv_TEXT_unit_ui_bullet.loc,,,
This warrior fights with a fatal rage - an erratic fury!,此勇士挾滔天怒火奮戰，攻勢狂暴猛烈！,此勇士挟滔天怒火奋战，攻势狂暴猛烈！,hv_TEXT_skills_skill_skill_name_desc.loc,,,
Those who intervene instead of the lord.,這些人代替主公處理事務。,这些人代替主公处理事务。,z_dummy_hv_TEXT_non_deployable.loc,,,
Those who toil the land require more utilitarian approaches.,耕田的人需要的是更為務實的做法。,辛苦劳作的农民们需要的却是更为实用的建筑。,z_dummy_hv_TEXT_non_deployable.loc,,,
Tiger Hides,虎皮,虎皮,hv_TEXT_unit_abilities.loc,,,
Tiger furs provide protection against missile attacks.,虎皮可抵禦箭矢攻擊。,虎皮可抵御箭矢攻击。,hv_TEXT_unit_abilities.loc,,,
Tiger of Jiangdong,江東之虎,江东之虎,hv_TEXT_cb_loadout.loc,,,
Towards Supremacy,稱霸之路,称霸之路,hv_TEXT_events.loc,,,
Tracker,追蹤,追踪,hv_TEXT_skills_skill_ability__historical.loc,,,
Training White Tigers,訓練白虎,训练白虎,hv_TEXT_effects_events.loc,,,
Tribal hunters can provide us with additional food.,部落獵人可爲我們提供額外的食物。,部落猎人可为我们提供额外的食物。,hv_TEXT_building.loc,,,
Turn back,回去,回去,hv_TEXT_events.loc,,,
Two Blades,雙刃兵,双刃兵,hv_TEXT_unit_text_replacements.loc,,,
Unknown result,結果不明 ,结果不明,text/_ifo/ifo_text_TWEAK.loc,,,
Unlocked when Emperor Xian comes of age in 195 CE,公元195年獻帝成年時解除鎖定,公元195年献帝加元服后解锁,text/_ifo/ifo_text_TWEAK.loc,,,
Unlocks Jingchu units [[col:scope_description]](own retinue)[[/col]],,,hv_TEXT_effects_ceo.loc,,,
Unlocks a special ability for cavalry units,解鎖騎兵單位一個特殊能力,解锁骑兵单位一个特殊能力,hv_TEXT_effects_pooled_resource.loc,,,
Unlocks elite Northern Army Captain Retinues,解鎖精銳北軍校尉隨從,解锁精锐北军校尉随从,hv_TEXT_events.loc,,,
Unlocks special abilities for black mountain bandit units,解鎖黑山匪徒單位特殊能力,解锁黑山匪徒单位特殊能力,hv_TEXT_effects_pooled_resource.loc,,,
Unlocks unit for Yan Baihu: {{tr:hv_unit_white_tiger_warriors}},為嚴白虎解鎖單位：{{tr:hv_unit_white_tiger_warriors}},为严白虎解锁单位：{{tr:hv_unit_white_tiger_warriors}},hv_TEXT_effects_events.loc,,,
Unstable Han dynasty,漢室式微,汉室式微,hv_TEXT_effect_faction.loc,,,
Using Furious Beast,使用怒獸,使用怒兽,hv_TEXT_unit_ui_group_t1.loc,,,
Vigilantes patrol the region and harass enemy armies.,巡守衛隊在此地域巡邏，騷擾敵軍。,巡守卫队在此地域巡逻，骚扰敌军。,hv_TEXT_building.loc,,,
Virtous Noblemen,名門賢士,名门贤士,hv_TEXT_unit_text_replacements.loc,,,
Wandering Artisans,游方藝匠,游方艺匠,hv_TEXT_unit_text_replacements.loc,,,
Warlord,諸侯,诸侯,hv_TEXT_cb_loadout.loc,,,
Warrior Monks,武僧,武僧,hv_TEXT_unit_text_replacements.loc,,,
Warrior Without Equal,無雙猛士,无双猛士,hv_TEXT_cb_loadout.loc,,,
Warriors of Danyang,丹陽戰士,丹阳战士,hv_TEXT_events.loc,,,
Warriors of Jingchu,荊楚戰士,荆楚战士,hv_TEXT_events.loc,,,
Warriors of Xiliang,西涼戰士,西凉战士,hv_TEXT_events.loc,,,
Wars are a costly endeavour and one cannot hope to end this chaos without a sizable treasury. Show all under heaven that you possess China's wealth.,興師十萬，日费千金。國用不足則不能平亂。掌控舉國之財，而後昭示天下。,兴师十万，日费千金。国用不足则不能平乱。掌控举国之财，而后昭示天下。 ,hv_TEXT_events.loc,,,
We are reaping the benefits of military rule.,軍事統治已成效斐然。,军事统治已成效斐然。,hv_TEXT_effects_pooled_resource.loc,,,
We have gathered warriors from nearby nomadic peoples to form a powerful cavalry unit. These formidable cataphracts will crush your enemies.,我們從附近游牧民族召集戰士，組成了一支强健騎兵。這些令人可畏的鐵甲騎兵將衝垮你的敵人。,我们从附近游牧民族召集战士，组成了一支强健骑兵。这些令人可畏的铁甲骑兵将冲垮你的敌人。,hv_TEXT_events.loc,,,
We're barely keeping our cavalry supplied. ,勉强能供應我們的騎兵。,勉强能供应我们的骑兵。,hv_TEXT_effects_pooled_resource.loc,,,
We've run into problems paying the troops with the new coin. We have no choice but to wait for soldiers to adjust to the new standard.,由於新幣發行，分發軍餉時出現問題。我們別無選擇，只能等到士兵們適應新的標準。,由于新币发行，分发军饷时出现问题。我们别无选择，只能等到士兵们适应新的标准。,hv_TEXT_events.loc,,,
We've run into problems purchasing grain with the new coin. We have no choice but to wait for farmers to adjust to the new standard.,由於新幣發行，買糧時出現問題。我們別無選擇，只能等到農民們適應新的標準。,由于新币发行，买粮时出现问题。我们别无选择，只能等到农民们适应新的标准。,hv_TEXT_events.loc,,,
Wen Chou,文醜,文丑,hv_TEXT_cb_loadout.loc,,,
White Feathers,白毦兵,白毦兵,hv_TEXT_unit_text_replacements.loc,,,
White Horse Fellows Officer,白馬義從士官,白马义从士官,hv_TEXT_effects_ceo.loc,,,
Win a battle where one of your generals personally kills 300 or more soldiers,贏得一場您的一名將領親自殺敵三百人的戰鬥,赢得一场您的一名将领亲自杀敌三百人的战斗,!hv_TEXT_system.loc,,,
Win before [[b]][[{{CcoBattleDuel:FormatTime(TargetTimeRemaining)}}]][[/b]],在[[b]]{{CcoBattleDuel:FormatTime(TargetTimeRemaining)}}[[/b]]內獲勝,在[[b]]{{CcoBattleDuel:FormatTime（TargetTimeRemaining）}}[[/b]]内获胜,hv_TEXT_etc.loc,,,
Wind of the North,北風,北风,hv_TEXT_unit_abilities.loc,,,
With these numbers you can accomplish great things.,兵多將廣，可成大事。,兵多将广，可成大事。,hv_TEXT_effects_pooled_resource.loc,,,
Wuhuan Riding Skill,烏桓騎術,乌桓骑术,hv_TEXT_unit_abilities.loc,,,
Wuhuan horsemanship is unparalleled.,烏桓馬術天下無雙。,乌桓马术天下无双。,hv_TEXT_unit_abilities.loc,,,
Xian Chen Ying,陷陣營,陷阵营,hv_TEXT_unit_text_replacements.loc,,,
Yan Baihu can recruit generic [[b]]Han units[[/b]] with Bandit Network.,嚴白虎可通過盜賊人脈招募普通 [[b]]漢軍單位[[/b]]。,严白虎可通过匪盗网招募普通[[b]]汉兵种单位[[/b]]。,hv_TEXT_frontend_features.loc,,,
Yan Baihu may now recruit {{tr:hv_unit_white_tiger_warriors}}.,嚴白虎現可招募{{tr:hv_unit_white_tiger_warriors}}。,严白虎现可招募{{tr:hv_unit_white_tiger_warriors}}。,hv_TEXT_events.loc,,,
Yan Liang,顏良,颜良,hv_TEXT_cb_loadout.loc,,,
Ye Overwatch Vanguards,鄴城守望先鋒,邺城守望先锋,hv_TEXT_unit_text_replacements.loc,,,
Ye Shock Vanguards,鄴城突擊先鋒,邺城突击先锋,hv_TEXT_unit_text_replacements.loc,,,
Years of fighting have solidified the faith these soldiers have in each other.,軍團的成員皆長年共處的夥伴，對彼此充滿了信念。,军团的成员皆长年共处的伙伴，对彼此充满了信念。,hv_TEXT_unit_abilities.loc,,,
Years of fighting the steppe tribes have shaped these Xiliang spear-riders into a deadly force.,草原部落多年的戰鬥已將這些西涼騎兵塑造成了一支致命的力量。,草原部落多年的战斗已将这些西凉骑兵塑造成了一支致命的力量。 ,hv_TEXT_unit_desc.loc,,,
Yellow Turban Cult,黃巾教派,黄巾教派,hv_TEXT_building.loc,,,
Yellow Turban Hall,黃巾朝堂,黄巾朝堂,hv_TEXT_building.loc,,,
Yellow Turban Lodge,黃巾旅站,黄巾旅站,hv_TEXT_building.loc,,,
Yellow Turban Synod,黃巾教殿,黄巾教殿,hv_TEXT_building.loc,,,
Yellow Turban Warband,黃巾軍,黄巾军,hv_TEXT_events.loc,,,
You Shi,游師騎兵,游师骑兵,hv_TEXT_unit_text_replacements.loc,,,
You agree with your men and prepare to descend.,你同意下人的意見，準備下山。,你同意下人的意见，准备下山。,hv_TEXT_events.loc,,,
You allow them to join your cause. ,收納他們加入旗下。,收纳他们加入旗下。,hv_TEXT_events.loc,,,
You are rather taken with a fine steed.,您被一匹好馬吸引住了。,您被一匹好马吸引住了。,hv_TEXT_events.loc,,,
You are rather taken with a peculiar sword.,您被一柄怪劍吸引住了。,您被一柄怪剑吸引住了。,hv_TEXT_events.loc,,,
You can't go back empty-handed.,不能空手而歸。,不能空手而归。,hv_TEXT_events.loc,,,
You can't target yourself. ,不能指向自己。 ,不能指向自己。,text/_ifo/ifo_text_TWEAK.loc,,,
You decide not to avail yourself of their wares.,你決定不買他們的貨品。,你决定不买他们的货品。,hv_TEXT_events.loc,,,
You do not have the prerequisite: %S.,您沒有所需的：%S。,您没有所需的：%S。,!hv_TEXT_system.loc,,,
You do not have the required follower or accesory: %S.,您沒有所需的隨從或飾品：%S。,您没有所需的随从或饰品：%S。,,,,
You do not make deals with barbarians.,不與蠻夷交易。,不与蛮夷交易。,hv_TEXT_events.loc,,,
You have acquired a tally that grants its bearer the authority to command Danyang troops.,您獲得一張可指揮丹陽部隊的兵符。,您获得一张可指挥丹阳部队的兵符。,hv_TEXT_events.loc,,,
You have acquired a tally that grants its bearer the authority to command Jingchu troops.,您獲得一張可指揮荊楚部隊的兵符。,您获得一张可指挥荆楚部队的兵符。,hv_TEXT_events.loc,,,
You have barely any influence.,沒有多少影響力。,没有多少影响力。,hv_TEXT_effects_pooled_resource.loc,,,
You hire a Sogdian mercenary group.,您雇傭了一隊粟特傭兵。,您雇佣了一队粟特佣兵。,hv_TEXT_events.loc,,,
You rule your domain with military efficiency.,以軍隊的效率治理領地。,以军队的效率治理领地。,hv_TEXT_effects_pooled_resource.loc,,,
Young Blood,血氣方剛,血气方刚,hv_TEXT_unit_abilities.loc,,,
Your attendant will assemble volunteers for military service.,您的隨從將去募集兵員。,您的随从将去募集兵员。,hv_TEXT_skills_additional.loc,,,
Your attendant will help to expand the settlement. ,您的隨從將協助擴張此城鎮。,您的随从将协助扩张此城镇。,hv_TEXT_skills_additional.loc,,,
Your attendant will replenish the regional army.,您的隨從將爲此地軍隊補員。,您的随从将为此地军队补员。,z_dummy_hv_TEXT_non_deployable.loc,,,
Your attendant will seek recruits for the local garrison.,您的隨從將爲此地駐軍尋找新兵。,您的随从将为此地驻军寻找新兵。,hv_TEXT_skills_additional.loc,,,
Your attendant will support your army in enemy territory.,您的隨從將在敵方領土支援您的軍隊。,您的随从将在敌方领土支持您的军队。,hv_TEXT_skills_additional.loc,,,
Your followers are few.,跟隨您的人寥寥無幾。,跟随您的人寥寥无几。,hv_TEXT_effects_pooled_resource.loc,,,
Yuan Rong Crossbow,元戎弩,元戎弩,hv_TEXT_events.loc,,,
Yuan Shang,袁尚,袁尚,hv_TEXT_cb_loadout.loc,,,
Yuan Shao,袁紹,袁绍,hv_TEXT_cb_loadout.loc,,,
Yuan Shu's army follows your faction.,袁術之兵將追隨於您。,袁术之兵将追随于您。,hv_TEXT_events.loc,,,
Yuan Tan,袁譚,袁谭,hv_TEXT_cb_loadout.loc,,,
Yuan Yao's Armour,袁耀的護甲,袁耀的护甲,hv_TEXT_ceo_career.loc,,,
Yue Remnants,越民軍,越民军,hv_TEXT_unit_text_replacements.loc,,,
Zhang Bang's Armour,張方的護甲,张方的护甲,hv_TEXT_ceo_career.loc,,,
Zhang Xun,張勳,张勋,hv_TEXT_cb_loadout.loc,,,
Zhong Royal Guard Cavalry,仲氏羽林騎,仲氏羽林骑,hv_TEXT_unit_text_replacements.loc,,,
Zhuge Liang has brilliantly engineered a new weapon. It is a crossbow that fires several bolts simultaneously to overwhelm the enemy.,諸葛亮精心設計出一種新武器。這是一種能夠同時射出多枚箭矢的弩弓，可以壓制敵人。,诸葛亮精心设计出一种新武器。这是一种能够同时射出多枚箭矢的弩弓，可以压制敌人。 ,hv_TEXT_events.loc,,,
[[b]]%+n%[[/b]] replenishment for the northern army units,,,hv_TEXT_effect_faction.loc,,,
[[b]]%+n[[/b]] stratocracy per turn,,,hv_TEXT_effects_pooled_resource.loc,,,
[[b]]BONUS VS. CAVALRY[[/b]]\\n\\n Increases melee damage against cavalry.,[[b]]對抗騎兵加成[[/b]]\\n\\n 提高對騎兵的近戰傷害。,[[b]]对抗骑兵加成[[/b]]\\n\\n提高对骑兵的近战伤害。,hv_TEXT_etc.loc,,,
[[b]]BONUS VS. INFANTRY[[/b]]\\n\\n Increases melee damage against infantry.,[[b]]對抗步兵加成[[/b]]\\n\\n 提高對步兵的近戰傷害。,[[b]]对抗步兵加成[[/b]]\\n\\n提高对步兵的近战伤害。,hv_TEXT_etc.loc,,,
[[b]]Black Mountain[[/b]] is this faction's unique resource.\\n\\n[[i]][[col:flavour]] Black Mountain bandits exploit the chaos to bolster their numbers. [[/col]][[/i]],,,hv_TEXT_frontend_features.loc,,,
[[b]]CHARGE RESISTANCE[[/b]]\\n\\n Determines how solidly this unit can withstand enemy charges. Only functions when the unit is braced.,[[b]]衝鋒抵抗力[[/b]]\\n\\n決定該部隊能承受多大程度的敵軍衝鋒。此作用於該單位被衝鋒時。,[[b]]冲锋抵抗力[[/b]]\\n\\n决定该部队能承受多大程度的敌军冲锋。此作用于该单位被冲锋时。,hv_TEXT_etc.loc,,,
[[b]]Can ambush when attacking[[/b]]\\n\\n [[col:flavour]][[i]]This faction can ambush when attacking.[[/col]][[/i]] ,,,hv_TEXT_frontend_features.loc,,,
[[b]]Encamp[[/b]] is a stance for armies that allow them to set up a more permanent camp.\\n\\n[[b]]Food[[/b]] is used to establish bigger settlements.,,,hv_TEXT_frontend_features.loc,,,
[[b]]Horse Breeding[[/b]] is this faction's unique resource.\\n\\n[[i]][[col:flavour]] Ferghana horses are bred to equip cavalry forces. [[/col]][[/i]],,,hv_TEXT_frontend_features.loc,,,
[[b]]Lady Liu[[/b]]\\nDevoted Mother\\n\\nGeneral type: {{tr:3k_general_type_earth}}\\n\\n[[col:flavour]][[i]]Lady Liu constantly worries about her family. Perhaps she worries too much.[[/col]][[/i]],,,hv_TEXT_frontend_features.loc,,,
[[b]]Lady Trieu[[/b]]\\nFree-spirited Heroine\\n\\nGeneral type: {{tr:3k_general_type_wood}}\\n\\n[[col:flavour]][[i]]An untamable woman of the Trieu Dynasty who fights to see her people free.[[/col]][[/i]],,,hv_TEXT_frontend_features.loc,,,
[[b]]Lu Zheng[[/b]]\\nScout of Taiyuan\\n\\nGeneral type: {{tr:3k_general_type_water}}\\n\\n[[col:flavour]][[i]]She transforms the sound of her bow and movement of her troops into a violent and beautiful song and dance.[[/col]][[/i]],,,hv_TEXT_frontend_features.loc,,,
[[b]]MELEE EVASION[[/b]]\\n\\n Increases the chance of evading melee damage from front and side. The enemy's charge bonus decreases it.,[[b]]近戰迴避[[/b]]\\n\\n 此能力值會提高閃避正面與側面近戰傷害的機率。敵人的衝鋒加成會降低此能力值。,[[b]]近战回避[[/b]]\\n\\n此能力值会提高闪避正面与侧面近战伤害的机率。敌人的冲锋加成会降低此能力值。,hv_TEXT_etc.loc,,,
[[b]]MELEE HIT BONUS[[/b]]\\n\\n Increases a unit's hit chance at all times by decreasing the enemy's melee evasion.,[[b]]近戰命中加成[[/b]]\\n\\n 通過降低敵人的近戰回避，增加單位在任何時候的命中率。,[[b]]近战命中加成[[/b]]\\n\\n通过降低敌人的近战回避，增加单位在任何时候的命中率。,hv_TEXT_etc.loc,,,
[[b]]Military supplies[[/b]] allow an army to stay in fighting condition and will have an impact on [[b]]replenishment[[/b]] and [[b]]morale[[/b]].,,,hv_TEXT_frontend_features.loc,,,
[[b]]Stratocracy[[/b]] is this faction's unique resource.\\n\\n[[i]][[col:flavour]] An inevitable rule to stabilize the turmoil. [[/col]],,,hv_TEXT_frontend_features.loc,,,
[[b]]Yellow Turban[[/b]] factions are seen as outlaws and diplomacy with them is normally [[b]]restricted[[/b]]. Zhang Yan can [[b]]improve relations[[/b]] with Yellow Turbans and can align himself with them.,,,hv_TEXT_frontend_features.loc,,,
[[b]]Yellow Turbans[[/b]]\\n[[col:scope_description]]Base army[[/col]]\\n\\n[[col:yellow]]Initial unit available[[/col]]\\n• {{tr:hv_unit_ytr_archery_masters}}\\n\\n[[col:flavour]][[i]]The wind of change that will transform China![[/col]][[/i]],,,hv_TEXT_frontend_features.loc,,,
[[b]]Yellow Turbans[[/b]]\\n[[col:scope_description]]Base army[[/col]]\\n\\n[[col:yellow]]Initial unit available[[/col]]\\n• {{tr:hv_unit_ytr_guardians_of_the_land}}\\n\\n[[col:flavour]][[i]]The wind of change that will transform China![[/col]][[/i]],,,hv_TEXT_frontend_features.loc,,,
[[b]]Yellow Turbans[[/b]]\\n[[col:scope_description]]Base army[[/col]]\\n\\n[[col:yellow]]Initial unit available[[/col]]\\n• {{tr:hv_unit_ytr_youxia}}\\n\\n[[col:flavour]][[i]]The wind of change that will transform China![[/col]][[/i]],,,hv_TEXT_frontend_features.loc,,,
[[col:flavour]]Local Noble's Estate[[/col]],[[col:flavour]]地方豪强莊園[[/col]],[[col:flavour]]地方豪强庄园[[/col]],hv_TEXT_building.loc,,,
[[col:scope_description]](adjacent all {{tr:map_regions}})[[/col]],[[col:scope_description]]（相鄰各{{tr:map_regions}}）[[/col]],[[col:scope_description]]（相邻各{{tr:map_regions}}）[[/col]],hv_TEXT_effects_building.loc,,,
[[col:scope_description]](enemies in local {{tr:map_region}})[[/col]],[[col:scope_description]]（本{{tr:map_region}}內的敵軍）[[/col]],[[col:scope_description]]（本{{tr:map_region}}内的敌军）[[/col]],hv_TEXT_effect_scope.loc,,,
[[col:scope_description]](faction leader)[[/col]],[[col:scope_description]]（勢力領袖）[[/col]],[[col:scope_description]]（势力领袖）[[/col]],hv_TEXT_effect_scope.loc,,,
[[col:scope_description]](own army when commanding)[[/col]],[[col:scope_description]]（指揮時自軍隊）[[/col]],[[col:scope_description]]（指挥时自军队）[[/col]],hv_TEXT_effect_scope.loc,,,
[[col:scope_description]](when this character's rank is 1 or higher)[[/col]],[[col:scope_description]]（此人等級1以上時）[[/col]],[[col:scope_description]]（此人等级1以上时）[[/col]],hv_TEXT_effect_scope.loc,,,
[[col:scope_description]](when this character's rank is 11 or higher)[[/col]],[[col:scope_description]]（此人等級11以上時）[[/col]],[[col:scope_description]]（此人等级11以上时）[[/col]],hv_TEXT_effect_scope.loc,,,
[[col:scope_description]](when this character's rank is 7 or higher)[[/col]],[[col:scope_description]]（此人等級7以上時）[[/col]],[[col:scope_description]]（此人等级7以上时）[[/col]],hv_TEXT_effect_scope.loc,,,
cause temporary social turmoil,造成暫時的社會動蕩,造成暂时的社会动荡,hv_TEXT_effects_technology.loc,,,
imperious_presence,霸氣逼人,霸气逼人,hv_TEXT_skills_skill_skill_name_desc.loc,,,
long_description,長描述,长描述,hv_TEXT_building.loc,,,
short_description,短描述,短描述,hv_TEXT_building.loc,,,
work in process \\n\\n (Please submit your ideas through the trom channel of MTU discord.),未完成\\n\\n（請於MTU的Discord裏TROM頻道提出建議）,未完成\\n\\n（请于MTU的Discord里TROM频道提出建议）,hv_TEXT_unit_long_desc.loc,,,
work in process,未完成,未完成,hv_TEXT_unit_desc.loc,,,
• Can improve unique units,• 可以改善独特单位,• 可以改善独特单位,hv_TEXT_frontend_features.loc,,,
• Can recruit generic Han units,• 可以招募大漢单位,• 可以招募大汉单位,hv_TEXT_frontend_features.loc,,,
• Garrisoned armies provide construction bonus and income bonus,• 駐軍提供建築和收入加成,• 驻军提供建筑和收入加成,hv_TEXT_frontend_features.loc,,,
• Improve cavalry units,• 改善騎兵單位,• 改善骑兵单位,hv_TEXT_frontend_features.loc,,,
• Increases unit morale and Decreases enemy unit morale,• 增進己方士氣，降低敵方士氣,• 提升己方士气，降低敌方士气,hv_TEXT_frontend_features.loc,,,
• Military Improvements,• 改善軍事,• 改善军事,hv_TEXT_frontend_features.loc,,,
